file,id,provider,variant,cpu,payload,ratio,pod,cpu_util
1_1000_0-1.json,1,valkey,valkey,1,1000,0-1,valkey-0,0.3545539293711019
1_1000_0-1.json,1,valkey,valkey,1,1000,0-1,valkey-1,0.3882309259366794
1_1000_0-1.json,1,valkey,valkey,1,1000,0-1,valkey-2,0.3538415848511005
1_1000_0-1.json,1,valkey,valkey,1,1000,0-1,valkey-3,0.026341543765125573
1_1000_0-1.json,1,valkey,valkey,1,1000,0-1,valkey-4,0.013862712718821054
1_1000_0-1.json,1,valkey,valkey,1,1000,0-1,valkey-5,0.018582725935759846
1_1000_0-1.json,2,valkey,valkey,1,1000,0-1,valkey-0,0.31379535224703076
1_1000_0-1.json,2,valkey,valkey,1,1000,0-1,valkey-1,0.29730420784502265
1_1000_0-1.json,2,valkey,valkey,1,1000,0-1,valkey-2,0.3105310615360574
1_1000_0-1.json,2,valkey,valkey,1,1000,0-1,valkey-3,0.009119196458196657
1_1000_0-1.json,2,valkey,valkey,1,1000,0-1,valkey-4,0.008044864379583013
1_1000_0-1.json,2,valkey,valkey,1,1000,0-1,valkey-5,0.006630460661870773
1_1000_0-1.json,3,valkey,valkey,1,1000,0-1,valkey-0,0.3104715461291267
1_1000_0-1.json,3,valkey,valkey,1,1000,0-1,valkey-1,0.2955158989224689
1_1000_0-1.json,3,valkey,valkey,1,1000,0-1,valkey-2,0.3099265952122208
1_1000_0-1.json,3,valkey,valkey,1,1000,0-1,valkey-3,0.008331126679870309
1_1000_0-1.json,3,valkey,valkey,1,1000,0-1,valkey-4,0.007872703312711778
1_1000_0-1.json,3,valkey,valkey,1,1000,0-1,valkey-5,0.006666203241083998
1_1000_0-1.json,4,valkey,valkey,1,1000,0-1,valkey-0,0.313505121244512
1_1000_0-1.json,4,valkey,valkey,1,1000,0-1,valkey-1,0.31670557911759595
1_1000_0-1.json,4,valkey,valkey,1,1000,0-1,valkey-2,0.32032599772649795
1_1000_0-1.json,4,valkey,valkey,1,1000,0-1,valkey-3,0.007825184633451715
1_1000_0-1.json,4,valkey,valkey,1,1000,0-1,valkey-4,0.0068685231343906675
1_1000_0-1.json,4,valkey,valkey,1,1000,0-1,valkey-5,0.0077409311384379
1_1000_0-1.json,5,valkey,valkey,1,1000,0-1,valkey-0,0.3145561087904214
1_1000_0-1.json,5,valkey,valkey,1,1000,0-1,valkey-1,0.3162857169870215
1_1000_0-1.json,5,valkey,valkey,1,1000,0-1,valkey-2,0.3052385933781552
1_1000_0-1.json,5,valkey,valkey,1,1000,0-1,valkey-3,0.006358434721128038
1_1000_0-1.json,5,valkey,valkey,1,1000,0-1,valkey-4,0.007885294694851134
1_1000_0-1.json,5,valkey,valkey,1,1000,0-1,valkey-5,0.007923335910797318
1_1000_1-0.json,1,valkey,valkey,1,1000,1-0,valkey-0,0.7212969557799991
1_1000_1-0.json,1,valkey,valkey,1,1000,1-0,valkey-1,0.7332502586098913
1_1000_1-0.json,1,valkey,valkey,1,1000,1-0,valkey-2,0.7586892146939813
1_1000_1-0.json,1,valkey,valkey,1,1000,1-0,valkey-3,0.13034197226577973
1_1000_1-0.json,1,valkey,valkey,1,1000,1-0,valkey-4,0.1391470142119396
1_1000_1-0.json,1,valkey,valkey,1,1000,1-0,valkey-5,0.14426144283539888
1_1000_1-0.json,2,valkey,valkey,1,1000,1-0,valkey-0,0.7090765610177826
1_1000_1-0.json,2,valkey,valkey,1,1000,1-0,valkey-1,0.7045295319459585
1_1000_1-0.json,2,valkey,valkey,1,1000,1-0,valkey-2,0.7101206322198167
1_1000_1-0.json,2,valkey,valkey,1,1000,1-0,valkey-3,0.006971199004812146
1_1000_1-0.json,2,valkey,valkey,1,1000,1-0,valkey-4,0.0068727479913841365
1_1000_1-0.json,2,valkey,valkey,1,1000,1-0,valkey-5,0.007922230699796367
1_1000_1-0.json,3,valkey,valkey,1,1000,1-0,valkey-0,0.6988525523062654
1_1000_1-0.json,3,valkey,valkey,1,1000,1-0,valkey-1,0.7005458068525791
1_1000_1-0.json,3,valkey,valkey,1,1000,1-0,valkey-2,0.6864160183222291
1_1000_1-0.json,3,valkey,valkey,1,1000,1-0,valkey-3,0.00857322183783005
1_1000_1-0.json,3,valkey,valkey,1,1000,1-0,valkey-4,0.006901167249604418
1_1000_1-0.json,3,valkey,valkey,1,1000,1-0,valkey-5,0.007244593905328715
1_1000_1-0.json,4,valkey,valkey,1,1000,1-0,valkey-0,0.7473282866673987
1_1000_1-0.json,4,valkey,valkey,1,1000,1-0,valkey-1,0.6801498752360576
1_1000_1-0.json,4,valkey,valkey,1,1000,1-0,valkey-2,0.716190446198645
1_1000_1-0.json,4,valkey,valkey,1,1000,1-0,valkey-3,0.008819808089211428
1_1000_1-0.json,4,valkey,valkey,1,1000,1-0,valkey-4,0.006856512404346858
1_1000_1-0.json,4,valkey,valkey,1,1000,1-0,valkey-5,0.006490601389763288
1_1000_1-0.json,5,valkey,valkey,1,1000,1-0,valkey-0,0.7185751918207752
1_1000_1-0.json,5,valkey,valkey,1,1000,1-0,valkey-1,0.7528731284337135
1_1000_1-0.json,5,valkey,valkey,1,1000,1-0,valkey-2,0.7563288877469896
1_1000_1-0.json,5,valkey,valkey,1,1000,1-0,valkey-3,0.007276645048724306
1_1000_1-0.json,5,valkey,valkey,1,1000,1-0,valkey-4,0.00952863936919717
1_1000_1-0.json,5,valkey,valkey,1,1000,1-0,valkey-5,0.008104700362503018
1_1000_1-1.json,1,valkey,valkey,1,1000,1-1,valkey-0,0.5049372087778254
1_1000_1-1.json,1,valkey,valkey,1,1000,1-1,valkey-1,0.5350642338065078
1_1000_1-1.json,1,valkey,valkey,1,1000,1-1,valkey-2,0.538124903622861
1_1000_1-1.json,1,valkey,valkey,1,1000,1-1,valkey-3,0.09824899521408134
1_1000_1-1.json,1,valkey,valkey,1,1000,1-1,valkey-4,0.10551175351143366
1_1000_1-1.json,1,valkey,valkey,1,1000,1-1,valkey-5,0.11719129881402711
1_1000_1-1.json,2,valkey,valkey,1,1000,1-1,valkey-0,0.5398963585930393
1_1000_1-1.json,2,valkey,valkey,1,1000,1-1,valkey-1,0.5692549367883895
1_1000_1-1.json,2,valkey,valkey,1,1000,1-1,valkey-2,0.5332193863653615
1_1000_1-1.json,2,valkey,valkey,1,1000,1-1,valkey-3,0.012516783491340246
1_1000_1-1.json,2,valkey,valkey,1,1000,1-1,valkey-4,0.00982057515311038
1_1000_1-1.json,2,valkey,valkey,1,1000,1-1,valkey-5,0.20878963478045792
1_1000_1-1.json,3,valkey,valkey,1,1000,1-1,valkey-0,0.5807917869864072
1_1000_1-1.json,3,valkey,valkey,1,1000,1-1,valkey-1,0.5654594924650619
1_1000_1-1.json,3,valkey,valkey,1,1000,1-1,valkey-2,0.5770952875992801
1_1000_1-1.json,3,valkey,valkey,1,1000,1-1,valkey-3,0.053704280828863034
1_1000_1-1.json,3,valkey,valkey,1,1000,1-1,valkey-4,0.013399467707107189
1_1000_1-1.json,3,valkey,valkey,1,1000,1-1,valkey-5,0.14223663101162798
1_1000_1-1.json,4,valkey,valkey,1,1000,1-1,valkey-0,0.5338835417683094
1_1000_1-1.json,4,valkey,valkey,1,1000,1-1,valkey-1,0.53159408543785
1_1000_1-1.json,4,valkey,valkey,1,1000,1-1,valkey-2,0.5360932068278713
1_1000_1-1.json,4,valkey,valkey,1,1000,1-1,valkey-3,0.011841238459270665
1_1000_1-1.json,4,valkey,valkey,1,1000,1-1,valkey-4,0.031838002209371954
1_1000_1-1.json,4,valkey,valkey,1,1000,1-1,valkey-5,0.00927857823966575
1_1000_1-1.json,5,valkey,valkey,1,1000,1-1,valkey-0,0.5455094381440261
1_1000_1-1.json,5,valkey,valkey,1,1000,1-1,valkey-1,0.5648452279689207
1_1000_1-1.json,5,valkey,valkey,1,1000,1-1,valkey-2,0.5623800278071185
1_1000_1-1.json,5,valkey,valkey,1,1000,1-1,valkey-3,0.028438129402232528
1_1000_1-1.json,5,valkey,valkey,1,1000,1-1,valkey-4,0.00780908402405641
1_1000_1-1.json,5,valkey,valkey,1,1000,1-1,valkey-5,0.015375187125720644
1_10_0-1.json,1,valkey,valkey,1,10,0-1,valkey-0,0.5672554226597829
1_10_0-1.json,1,valkey,valkey,1,10,0-1,valkey-1,0.5699568157530364
1_10_0-1.json,1,valkey,valkey,1,10,0-1,valkey-2,0.568043378911375
1_10_0-1.json,1,valkey,valkey,1,10,0-1,valkey-3,0.07560877059101154
1_10_0-1.json,1,valkey,valkey,1,10,0-1,valkey-4,0.07528123646667055
1_10_0-1.json,1,valkey,valkey,1,10,0-1,valkey-5,0.07051878528545678
1_10_0-1.json,2,valkey,valkey,1,10,0-1,valkey-0,0.5470660192344663
1_10_0-1.json,2,valkey,valkey,1,10,0-1,valkey-1,0.558963763132096
1_10_0-1.json,2,valkey,valkey,1,10,0-1,valkey-2,0.5587408367971011
1_10_0-1.json,2,valkey,valkey,1,10,0-1,valkey-3,0.021660556284805347
1_10_0-1.json,2,valkey,valkey,1,10,0-1,valkey-4,0.022391998389942488
1_10_0-1.json,2,valkey,valkey,1,10,0-1,valkey-5,0.027958118788568638
1_10_0-1.json,3,valkey,valkey,1,10,0-1,valkey-0,0.5664145077381592
1_10_0-1.json,3,valkey,valkey,1,10,0-1,valkey-1,0.5338799535797824
1_10_0-1.json,3,valkey,valkey,1,10,0-1,valkey-2,0.5809895483153539
1_10_0-1.json,3,valkey,valkey,1,10,0-1,valkey-3,0.023847664274887496
1_10_0-1.json,3,valkey,valkey,1,10,0-1,valkey-4,0.02768413578489175
1_10_0-1.json,3,valkey,valkey,1,10,0-1,valkey-5,0.020261645595840393
1_10_0-1.json,4,valkey,valkey,1,10,0-1,valkey-0,0.551939869262586
1_10_0-1.json,4,valkey,valkey,1,10,0-1,valkey-1,0.5674646953551805
1_10_0-1.json,4,valkey,valkey,1,10,0-1,valkey-2,0.576978889818975
1_10_0-1.json,4,valkey,valkey,1,10,0-1,valkey-3,0.021683143955318486
1_10_0-1.json,4,valkey,valkey,1,10,0-1,valkey-4,0.01998248212525801
1_10_0-1.json,4,valkey,valkey,1,10,0-1,valkey-5,0.018602554529449776
1_10_0-1.json,5,valkey,valkey,1,10,0-1,valkey-0,0.5578373435646831
1_10_0-1.json,5,valkey,valkey,1,10,0-1,valkey-1,0.5564171173375059
1_10_0-1.json,5,valkey,valkey,1,10,0-1,valkey-2,0.549775167036287
1_10_0-1.json,5,valkey,valkey,1,10,0-1,valkey-3,0.019308952147018308
1_10_0-1.json,5,valkey,valkey,1,10,0-1,valkey-4,0.020600325357013616
1_10_0-1.json,5,valkey,valkey,1,10,0-1,valkey-5,0.026654127174923183
1_10_1-0.json,1,valkey,valkey,1,10,1-0,valkey-0,0.7407382808183081
1_10_1-0.json,1,valkey,valkey,1,10,1-0,valkey-1,0.7992620629421688
1_10_1-0.json,1,valkey,valkey,1,10,1-0,valkey-2,0.7718342060136343
1_10_1-0.json,1,valkey,valkey,1,10,1-0,valkey-3,0.4515767529757917
1_10_1-0.json,1,valkey,valkey,1,10,1-0,valkey-4,0.44532180084135436
1_10_1-0.json,1,valkey,valkey,1,10,1-0,valkey-5,0.4366615916106635
1_10_1-0.json,2,valkey,valkey,1,10,1-0,valkey-0,0.779408448916217
1_10_1-0.json,2,valkey,valkey,1,10,1-0,valkey-1,0.7838239408189028
1_10_1-0.json,2,valkey,valkey,1,10,1-0,valkey-2,0.7848424278080136
1_10_1-0.json,2,valkey,valkey,1,10,1-0,valkey-3,0.46596780756180556
1_10_1-0.json,2,valkey,valkey,1,10,1-0,valkey-4,0.4644607846169545
1_10_1-0.json,2,valkey,valkey,1,10,1-0,valkey-5,0.45998153468161784
1_10_1-0.json,3,valkey,valkey,1,10,1-0,valkey-0,0.7810679991980966
1_10_1-0.json,3,valkey,valkey,1,10,1-0,valkey-1,0.7832823078309524
1_10_1-0.json,3,valkey,valkey,1,10,1-0,valkey-2,0.7332675169520225
1_10_1-0.json,3,valkey,valkey,1,10,1-0,valkey-3,0.45951396256617094
1_10_1-0.json,3,valkey,valkey,1,10,1-0,valkey-4,0.4652782041232318
1_10_1-0.json,3,valkey,valkey,1,10,1-0,valkey-5,0.44459786481819735
1_10_1-0.json,4,valkey,valkey,1,10,1-0,valkey-0,0.7471915793590138
1_10_1-0.json,4,valkey,valkey,1,10,1-0,valkey-1,0.746386918758513
1_10_1-0.json,4,valkey,valkey,1,10,1-0,valkey-2,0.8146082642963569
1_10_1-0.json,4,valkey,valkey,1,10,1-0,valkey-3,0.47191465537766597
1_10_1-0.json,4,valkey,valkey,1,10,1-0,valkey-4,0.4363041562755779
1_10_1-0.json,4,valkey,valkey,1,10,1-0,valkey-5,0.44651353918483233
1_10_1-0.json,5,valkey,valkey,1,10,1-0,valkey-0,0.76998196717026
1_10_1-0.json,5,valkey,valkey,1,10,1-0,valkey-1,0.7420604442470365
1_10_1-0.json,5,valkey,valkey,1,10,1-0,valkey-2,0.7984157147181914
1_10_1-0.json,5,valkey,valkey,1,10,1-0,valkey-3,0.44424890564773
1_10_1-0.json,5,valkey,valkey,1,10,1-0,valkey-4,0.4346080183704421
1_10_1-0.json,5,valkey,valkey,1,10,1-0,valkey-5,0.45052705534265514
1_10_1-1.json,1,valkey,valkey,1,10,1-1,valkey-0,0.7957850263469276
1_10_1-1.json,1,valkey,valkey,1,10,1-1,valkey-1,0.7983012961288358
1_10_1-1.json,1,valkey,valkey,1,10,1-1,valkey-2,0.7673716138109247
1_10_1-1.json,1,valkey,valkey,1,10,1-1,valkey-3,0.3149820414536159
1_10_1-1.json,1,valkey,valkey,1,10,1-1,valkey-4,0.3032206366507085
1_10_1-1.json,1,valkey,valkey,1,10,1-1,valkey-5,0.3204514145893961
1_10_1-1.json,2,valkey,valkey,1,10,1-1,valkey-0,0.8447687805798626
1_10_1-1.json,2,valkey,valkey,1,10,1-1,valkey-1,0.7744563023050108
1_10_1-1.json,2,valkey,valkey,1,10,1-1,valkey-2,0.8232441303790011
1_10_1-1.json,2,valkey,valkey,1,10,1-1,valkey-3,0.3850976084640133
1_10_1-1.json,2,valkey,valkey,1,10,1-1,valkey-4,0.36910635890773524
1_10_1-1.json,2,valkey,valkey,1,10,1-1,valkey-5,0.3724474619822684
1_10_1-1.json,3,valkey,valkey,1,10,1-1,valkey-0,0.8025549337623623
1_10_1-1.json,3,valkey,valkey,1,10,1-1,valkey-1,0.7793998190785403
1_10_1-1.json,3,valkey,valkey,1,10,1-1,valkey-2,0.828918549638555
1_10_1-1.json,3,valkey,valkey,1,10,1-1,valkey-3,0.3800509504734786
1_10_1-1.json,3,valkey,valkey,1,10,1-1,valkey-4,0.37797055713482564
1_10_1-1.json,3,valkey,valkey,1,10,1-1,valkey-5,0.3608149262428682
1_10_1-1.json,4,valkey,valkey,1,10,1-1,valkey-0,0.7877711623180044
1_10_1-1.json,4,valkey,valkey,1,10,1-1,valkey-1,0.8167039190407557
1_10_1-1.json,4,valkey,valkey,1,10,1-1,valkey-2,0.7934574611008165
1_10_1-1.json,4,valkey,valkey,1,10,1-1,valkey-3,0.3473829578796125
1_10_1-1.json,4,valkey,valkey,1,10,1-1,valkey-4,0.3746704308844025
1_10_1-1.json,4,valkey,valkey,1,10,1-1,valkey-5,0.3743068883823915
1_10_1-1.json,5,valkey,valkey,1,10,1-1,valkey-0,0.831103853111435
1_10_1-1.json,5,valkey,valkey,1,10,1-1,valkey-1,0.8169550853327945
1_10_1-1.json,5,valkey,valkey,1,10,1-1,valkey-2,0.8198848644000556
1_10_1-1.json,5,valkey,valkey,1,10,1-1,valkey-3,0.3752947552565386
1_10_1-1.json,5,valkey,valkey,1,10,1-1,valkey-4,0.36578910437919987
1_10_1-1.json,5,valkey,valkey,1,10,1-1,valkey-5,0.37211462086214286
1_1_0-1.json,1,valkey,valkey,1,1,0-1,valkey-0,0.6244177887847342
1_1_0-1.json,1,valkey,valkey,1,1,0-1,valkey-1,0.6107244978355337
1_1_0-1.json,1,valkey,valkey,1,1,0-1,valkey-2,0.6214635793283805
1_1_0-1.json,1,valkey,valkey,1,1,0-1,valkey-3,0.13668699724721248
1_1_0-1.json,1,valkey,valkey,1,1,0-1,valkey-4,0.11409655961794464
1_1_0-1.json,1,valkey,valkey,1,1,0-1,valkey-5,0.12286058705651626
1_1_0-1.json,2,valkey,valkey,1,1,0-1,valkey-0,0.5747213492132832
1_1_0-1.json,2,valkey,valkey,1,1,0-1,valkey-1,0.5959995500963107
1_1_0-1.json,2,valkey,valkey,1,1,0-1,valkey-2,0.584361010224227
1_1_0-1.json,2,valkey,valkey,1,1,0-1,valkey-3,0.020042694565149646
1_1_0-1.json,2,valkey,valkey,1,1,0-1,valkey-4,0.023125847657759754
1_1_0-1.json,2,valkey,valkey,1,1,0-1,valkey-5,0.023990761518651413
1_1_0-1.json,3,valkey,valkey,1,1,0-1,valkey-0,0.5710527840933387
1_1_0-1.json,3,valkey,valkey,1,1,0-1,valkey-1,0.5844750968241422
1_1_0-1.json,3,valkey,valkey,1,1,0-1,valkey-2,0.6127204151699751
1_1_0-1.json,3,valkey,valkey,1,1,0-1,valkey-3,0.020607848560386676
1_1_0-1.json,3,valkey,valkey,1,1,0-1,valkey-4,0.020465254439136348
1_1_0-1.json,3,valkey,valkey,1,1,0-1,valkey-5,0.018659118513958878
1_1_0-1.json,4,valkey,valkey,1,1,0-1,valkey-0,0.5659446760633299
1_1_0-1.json,4,valkey,valkey,1,1,0-1,valkey-1,0.5634421338025175
1_1_0-1.json,4,valkey,valkey,1,1,0-1,valkey-2,0.5822644841192605
1_1_0-1.json,4,valkey,valkey,1,1,0-1,valkey-3,0.017885516214308114
1_1_0-1.json,4,valkey,valkey,1,1,0-1,valkey-4,0.024010071871386537
1_1_0-1.json,4,valkey,valkey,1,1,0-1,valkey-5,0.019361223154350828
1_1_0-1.json,5,valkey,valkey,1,1,0-1,valkey-0,0.5915711801459494
1_1_0-1.json,5,valkey,valkey,1,1,0-1,valkey-1,0.5874425505246192
1_1_0-1.json,5,valkey,valkey,1,1,0-1,valkey-2,0.5972432973645441
1_1_0-1.json,5,valkey,valkey,1,1,0-1,valkey-3,0.019449166068092664
1_1_0-1.json,5,valkey,valkey,1,1,0-1,valkey-4,0.01992391996310785
1_1_0-1.json,5,valkey,valkey,1,1,0-1,valkey-5,0.014926177147561713
1_1_1-0.json,1,valkey,valkey,1,1,1-0,valkey-0,0.7881532121857319
1_1_1-0.json,1,valkey,valkey,1,1,1-0,valkey-1,0.7075336149824912
1_1_1-0.json,1,valkey,valkey,1,1,1-0,valkey-2,0.6985686975391723
1_1_1-0.json,1,valkey,valkey,1,1,1-0,valkey-3,0.6944074764771915
1_1_1-0.json,1,valkey,valkey,1,1,1-0,valkey-4,0.7158279956242832
1_1_1-0.json,1,valkey,valkey,1,1,1-0,valkey-5,0.7064320164711121
1_1_1-0.json,2,valkey,valkey,1,1,1-0,valkey-0,0.7754214202360366
1_1_1-0.json,2,valkey,valkey,1,1,1-0,valkey-1,0.7928885972300559
1_1_1-0.json,2,valkey,valkey,1,1,1-0,valkey-2,0.807012759174006
1_1_1-0.json,2,valkey,valkey,1,1,1-0,valkey-3,0.7865632615121498
1_1_1-0.json,2,valkey,valkey,1,1,1-0,valkey-4,0.7748769071714552
1_1_1-0.json,2,valkey,valkey,1,1,1-0,valkey-5,0.817768544386811
1_1_1-0.json,3,valkey,valkey,1,1,1-0,valkey-0,0.7645782718013531
1_1_1-0.json,3,valkey,valkey,1,1,1-0,valkey-1,0.7913094380693367
1_1_1-0.json,3,valkey,valkey,1,1,1-0,valkey-2,0.7761851766674979
1_1_1-0.json,3,valkey,valkey,1,1,1-0,valkey-3,0.7742313021435767
1_1_1-0.json,3,valkey,valkey,1,1,1-0,valkey-4,0.7965560140881865
1_1_1-0.json,3,valkey,valkey,1,1,1-0,valkey-5,0.7880302583148626
1_1_1-0.json,4,valkey,valkey,1,1,1-0,valkey-0,0.7720124424200391
1_1_1-0.json,4,valkey,valkey,1,1,1-0,valkey-1,0.7818021284287044
1_1_1-0.json,4,valkey,valkey,1,1,1-0,valkey-2,0.804361564500154
1_1_1-0.json,4,valkey,valkey,1,1,1-0,valkey-3,0.8014971947573792
1_1_1-0.json,4,valkey,valkey,1,1,1-0,valkey-4,0.8216139275490377
1_1_1-0.json,4,valkey,valkey,1,1,1-0,valkey-5,0.7752714708953484
1_1_1-0.json,5,valkey,valkey,1,1,1-0,valkey-0,0.8153625381597147
1_1_1-0.json,5,valkey,valkey,1,1,1-0,valkey-1,0.7496564974241005
1_1_1-0.json,5,valkey,valkey,1,1,1-0,valkey-2,0.807696725845084
1_1_1-0.json,5,valkey,valkey,1,1,1-0,valkey-3,0.7799811408943023
1_1_1-0.json,5,valkey,valkey,1,1,1-0,valkey-4,0.7731797876461288
1_1_1-0.json,5,valkey,valkey,1,1,1-0,valkey-5,0.8120000678458839
1_1_1-1.json,1,valkey,valkey,1,1,1-1,valkey-0,0.6722171222919617
1_1_1-1.json,1,valkey,valkey,1,1,1-1,valkey-1,0.6648557916023894
1_1_1-1.json,1,valkey,valkey,1,1,1-1,valkey-2,0.6585118401297451
1_1_1-1.json,1,valkey,valkey,1,1,1-1,valkey-3,0.3328903188549464
1_1_1-1.json,1,valkey,valkey,1,1,1-1,valkey-4,0.33810515726084556
1_1_1-1.json,1,valkey,valkey,1,1,1-1,valkey-5,0.3464800914799333
1_1_1-1.json,2,valkey,valkey,1,1,1-1,valkey-0,0.6420580317192576
1_1_1-1.json,2,valkey,valkey,1,1,1-1,valkey-1,0.6755713488682781
1_1_1-1.json,2,valkey,valkey,1,1,1-1,valkey-2,0.6637517913928209
1_1_1-1.json,2,valkey,valkey,1,1,1-1,valkey-3,0.3978026517466955
1_1_1-1.json,2,valkey,valkey,1,1,1-1,valkey-4,0.3945280808481609
1_1_1-1.json,2,valkey,valkey,1,1,1-1,valkey-5,0.39013353790942046
1_1_1-1.json,3,valkey,valkey,1,1,1-1,valkey-0,0.6771588034187906
1_1_1-1.json,3,valkey,valkey,1,1,1-1,valkey-1,0.6769367265911742
1_1_1-1.json,3,valkey,valkey,1,1,1-1,valkey-2,0.6392151053713069
1_1_1-1.json,3,valkey,valkey,1,1,1-1,valkey-3,0.3870325362011346
1_1_1-1.json,3,valkey,valkey,1,1,1-1,valkey-4,0.3901959667336584
1_1_1-1.json,3,valkey,valkey,1,1,1-1,valkey-5,0.38795287129175143
1_1_1-1.json,4,valkey,valkey,1,1,1-1,valkey-0,0.6592846548140994
1_1_1-1.json,4,valkey,valkey,1,1,1-1,valkey-1,0.6716969980759361
1_1_1-1.json,4,valkey,valkey,1,1,1-1,valkey-2,0.6844515949527145
1_1_1-1.json,4,valkey,valkey,1,1,1-1,valkey-3,0.3790484228186097
1_1_1-1.json,4,valkey,valkey,1,1,1-1,valkey-4,0.3894382696405053
1_1_1-1.json,4,valkey,valkey,1,1,1-1,valkey-5,0.39170534890126446
1_1_1-1.json,5,valkey,valkey,1,1,1-1,valkey-0,0.6759264966166191
1_1_1-1.json,5,valkey,valkey,1,1,1-1,valkey-1,0.6750734430828232
1_1_1-1.json,5,valkey,valkey,1,1,1-1,valkey-2,0.6767627872931539
1_1_1-1.json,5,valkey,valkey,1,1,1-1,valkey-3,0.40255740564888604
1_1_1-1.json,5,valkey,valkey,1,1,1-1,valkey-4,0.4085471460564863
1_1_1-1.json,5,valkey,valkey,1,1,1-1,valkey-5,0.40038996631926216
2_1000_0-1.json,1,valkey,valkey,2,1000,0-1,valkey-0,0.34325007290796605
2_1000_0-1.json,1,valkey,valkey,2,1000,0-1,valkey-1,0.3316016408778035
2_1000_0-1.json,1,valkey,valkey,2,1000,0-1,valkey-2,0.3369075882091079
2_1000_0-1.json,1,valkey,valkey,2,1000,0-1,valkey-3,0.0133491900772104
2_1000_0-1.json,1,valkey,valkey,2,1000,0-1,valkey-4,0.011586457962402482
2_1000_0-1.json,1,valkey,valkey,2,1000,0-1,valkey-5,0.013211269951990363
2_1000_0-1.json,2,valkey,valkey,2,1000,0-1,valkey-0,0.2846018081609579
2_1000_0-1.json,2,valkey,valkey,2,1000,0-1,valkey-1,0.29823592540918703
2_1000_0-1.json,2,valkey,valkey,2,1000,0-1,valkey-2,0.3009150235320224
2_1000_0-1.json,2,valkey,valkey,2,1000,0-1,valkey-3,0.007352553064308527
2_1000_0-1.json,2,valkey,valkey,2,1000,0-1,valkey-4,0.007703965237606069
2_1000_0-1.json,2,valkey,valkey,2,1000,0-1,valkey-5,0.008097235111587013
2_1000_0-1.json,3,valkey,valkey,2,1000,0-1,valkey-0,0.30899497602400505
2_1000_0-1.json,3,valkey,valkey,2,1000,0-1,valkey-1,0.3083882438898677
2_1000_0-1.json,3,valkey,valkey,2,1000,0-1,valkey-2,0.29451741447085666
2_1000_0-1.json,3,valkey,valkey,2,1000,0-1,valkey-3,0.00830457719189754
2_1000_0-1.json,3,valkey,valkey,2,1000,0-1,valkey-4,0.009199170820214937
2_1000_0-1.json,3,valkey,valkey,2,1000,0-1,valkey-5,0.006722902712214213
2_1000_0-1.json,4,valkey,valkey,2,1000,0-1,valkey-0,0.2950312411759697
2_1000_0-1.json,4,valkey,valkey,2,1000,0-1,valkey-1,0.2849772794344634
2_1000_0-1.json,4,valkey,valkey,2,1000,0-1,valkey-2,0.298922550576941
2_1000_0-1.json,4,valkey,valkey,2,1000,0-1,valkey-3,0.007706123986857039
2_1000_0-1.json,4,valkey,valkey,2,1000,0-1,valkey-4,0.00783537419915488
2_1000_0-1.json,4,valkey,valkey,2,1000,0-1,valkey-5,0.0067811031182277185
2_1000_0-1.json,5,valkey,valkey,2,1000,0-1,valkey-0,0.2906622498294107
2_1000_0-1.json,5,valkey,valkey,2,1000,0-1,valkey-1,0.2992342984624044
2_1000_0-1.json,5,valkey,valkey,2,1000,0-1,valkey-2,0.30069681604355525
2_1000_0-1.json,5,valkey,valkey,2,1000,0-1,valkey-3,0.005982379741210937
2_1000_0-1.json,5,valkey,valkey,2,1000,0-1,valkey-4,0.006881082298340556
2_1000_0-1.json,5,valkey,valkey,2,1000,0-1,valkey-5,0.008344991505136515
2_1000_1-0.json,1,valkey,valkey,2,1000,1-0,valkey-0,0.7649009591431436
2_1000_1-0.json,1,valkey,valkey,2,1000,1-0,valkey-1,0.783626778907561
2_1000_1-0.json,1,valkey,valkey,2,1000,1-0,valkey-2,0.7542824325510147
2_1000_1-0.json,1,valkey,valkey,2,1000,1-0,valkey-3,0.2256662401283115
2_1000_1-0.json,1,valkey,valkey,2,1000,1-0,valkey-4,0.14101706067544764
2_1000_1-0.json,1,valkey,valkey,2,1000,1-0,valkey-5,0.23776881858136312
2_1000_1-0.json,2,valkey,valkey,2,1000,1-0,valkey-0,0.7282803515717783
2_1000_1-0.json,2,valkey,valkey,2,1000,1-0,valkey-1,0.7304872976450038
2_1000_1-0.json,2,valkey,valkey,2,1000,1-0,valkey-2,0.7572958284077245
2_1000_1-0.json,2,valkey,valkey,2,1000,1-0,valkey-3,0.006021180109566019
2_1000_1-0.json,2,valkey,valkey,2,1000,1-0,valkey-4,0.009205223660185193
2_1000_1-0.json,2,valkey,valkey,2,1000,1-0,valkey-5,0.006258195136912827
2_1000_1-0.json,3,valkey,valkey,2,1000,1-0,valkey-0,0.7542363840714061
2_1000_1-0.json,3,valkey,valkey,2,1000,1-0,valkey-1,0.7549635802461853
2_1000_1-0.json,3,valkey,valkey,2,1000,1-0,valkey-2,0.6908950822122453
2_1000_1-0.json,3,valkey,valkey,2,1000,1-0,valkey-3,0.006431725534340405
2_1000_1-0.json,3,valkey,valkey,2,1000,1-0,valkey-4,0.009677279510471324
2_1000_1-0.json,3,valkey,valkey,2,1000,1-0,valkey-5,0.0064891339490349
2_1000_1-0.json,4,valkey,valkey,2,1000,1-0,valkey-0,0.751879363398895
2_1000_1-0.json,4,valkey,valkey,2,1000,1-0,valkey-1,0.7556028647459849
2_1000_1-0.json,4,valkey,valkey,2,1000,1-0,valkey-2,0.752902928594256
2_1000_1-0.json,4,valkey,valkey,2,1000,1-0,valkey-3,0.012903330226567231
2_1000_1-0.json,4,valkey,valkey,2,1000,1-0,valkey-4,0.007102694629482478
2_1000_1-0.json,4,valkey,valkey,2,1000,1-0,valkey-5,0.0067206091753840924
2_1000_1-0.json,5,valkey,valkey,2,1000,1-0,valkey-0,0.7582196227290428
2_1000_1-0.json,5,valkey,valkey,2,1000,1-0,valkey-1,0.7355334745084203
2_1000_1-0.json,5,valkey,valkey,2,1000,1-0,valkey-2,0.7330149723666523
2_1000_1-0.json,5,valkey,valkey,2,1000,1-0,valkey-3,0.0059343682173732355
2_1000_1-0.json,5,valkey,valkey,2,1000,1-0,valkey-4,0.006875231902558854
2_1000_1-0.json,5,valkey,valkey,2,1000,1-0,valkey-5,0.008916896466008972
2_1000_1-1.json,1,valkey,valkey,2,1000,1-1,valkey-0,0.5731437440950002
2_1000_1-1.json,1,valkey,valkey,2,1000,1-1,valkey-1,0.5606340235760812
2_1000_1-1.json,1,valkey,valkey,2,1000,1-1,valkey-2,0.5116505084643784
2_1000_1-1.json,1,valkey,valkey,2,1000,1-1,valkey-3,0.01735098398652029
2_1000_1-1.json,1,valkey,valkey,2,1000,1-1,valkey-4,0.19521155747869828
2_1000_1-1.json,1,valkey,valkey,2,1000,1-1,valkey-5,0.18950018782793798
2_1000_1-1.json,2,valkey,valkey,2,1000,1-1,valkey-0,0.5706924885391386
2_1000_1-1.json,2,valkey,valkey,2,1000,1-1,valkey-1,0.5783539794960377
2_1000_1-1.json,2,valkey,valkey,2,1000,1-1,valkey-2,0.5635757586697349
2_1000_1-1.json,2,valkey,valkey,2,1000,1-1,valkey-3,0.015930708243978985
2_1000_1-1.json,2,valkey,valkey,2,1000,1-1,valkey-4,0.21810958727786803
2_1000_1-1.json,2,valkey,valkey,2,1000,1-1,valkey-5,0.19773983626345734
2_1000_1-1.json,3,valkey,valkey,2,1000,1-1,valkey-0,0.6156788149503079
2_1000_1-1.json,3,valkey,valkey,2,1000,1-1,valkey-1,0.6064394405218476
2_1000_1-1.json,3,valkey,valkey,2,1000,1-1,valkey-2,0.5502412740278358
2_1000_1-1.json,3,valkey,valkey,2,1000,1-1,valkey-3,0.036560220488165825
2_1000_1-1.json,3,valkey,valkey,2,1000,1-1,valkey-4,0.23082397357694723
2_1000_1-1.json,3,valkey,valkey,2,1000,1-1,valkey-5,0.21283251772277686
2_1000_1-1.json,4,valkey,valkey,2,1000,1-1,valkey-0,0.6020751453508878
2_1000_1-1.json,4,valkey,valkey,2,1000,1-1,valkey-1,0.6002866254997544
2_1000_1-1.json,4,valkey,valkey,2,1000,1-1,valkey-2,0.5985625580608532
2_1000_1-1.json,4,valkey,valkey,2,1000,1-1,valkey-3,0.015382651075861615
2_1000_1-1.json,4,valkey,valkey,2,1000,1-1,valkey-4,0.22912841237378992
2_1000_1-1.json,4,valkey,valkey,2,1000,1-1,valkey-5,0.21134265357234705
2_1000_1-1.json,5,valkey,valkey,2,1000,1-1,valkey-0,0.5516889332685658
2_1000_1-1.json,5,valkey,valkey,2,1000,1-1,valkey-1,0.5823543092504503
2_1000_1-1.json,5,valkey,valkey,2,1000,1-1,valkey-2,0.5547899242220368
2_1000_1-1.json,5,valkey,valkey,2,1000,1-1,valkey-3,0.01640372632768249
2_1000_1-1.json,5,valkey,valkey,2,1000,1-1,valkey-4,0.21603759524277957
2_1000_1-1.json,5,valkey,valkey,2,1000,1-1,valkey-5,0.21774055316189522
2_10_0-1.json,1,valkey,valkey,2,10,0-1,valkey-0,0.579588584488297
2_10_0-1.json,1,valkey,valkey,2,10,0-1,valkey-1,0.5786531583321288
2_10_0-1.json,1,valkey,valkey,2,10,0-1,valkey-2,0.589108197219063
2_10_0-1.json,1,valkey,valkey,2,10,0-1,valkey-3,0.07058920370049092
2_10_0-1.json,1,valkey,valkey,2,10,0-1,valkey-4,0.0685596098542903
2_10_0-1.json,1,valkey,valkey,2,10,0-1,valkey-5,0.07549788592603471
2_10_0-1.json,2,valkey,valkey,2,10,0-1,valkey-0,0.5488692343567432
2_10_0-1.json,2,valkey,valkey,2,10,0-1,valkey-1,0.560721907062204
2_10_0-1.json,2,valkey,valkey,2,10,0-1,valkey-2,0.582638054713922
2_10_0-1.json,2,valkey,valkey,2,10,0-1,valkey-3,0.023232528185882177
2_10_0-1.json,2,valkey,valkey,2,10,0-1,valkey-4,0.03302014705324159
2_10_0-1.json,2,valkey,valkey,2,10,0-1,valkey-5,0.03499540395244415
2_10_0-1.json,3,valkey,valkey,2,10,0-1,valkey-0,0.5672413264226676
2_10_0-1.json,3,valkey,valkey,2,10,0-1,valkey-1,0.557054311795038
2_10_0-1.json,3,valkey,valkey,2,10,0-1,valkey-2,0.564621062080272
2_10_0-1.json,3,valkey,valkey,2,10,0-1,valkey-3,0.028513467558927547
2_10_0-1.json,3,valkey,valkey,2,10,0-1,valkey-4,0.026958365130419378
2_10_0-1.json,3,valkey,valkey,2,10,0-1,valkey-5,0.026799264262695913
2_10_0-1.json,4,valkey,valkey,2,10,0-1,valkey-0,0.5576839229788673
2_10_0-1.json,4,valkey,valkey,2,10,0-1,valkey-1,0.5721936913767428
2_10_0-1.json,4,valkey,valkey,2,10,0-1,valkey-2,0.5485499376732961
2_10_0-1.json,4,valkey,valkey,2,10,0-1,valkey-3,0.028290998134127693
2_10_0-1.json,4,valkey,valkey,2,10,0-1,valkey-4,0.03329403580624194
2_10_0-1.json,4,valkey,valkey,2,10,0-1,valkey-5,0.023270670586185684
2_10_0-1.json,5,valkey,valkey,2,10,0-1,valkey-0,0.5490994327944203
2_10_0-1.json,5,valkey,valkey,2,10,0-1,valkey-1,0.557440789761191
2_10_0-1.json,5,valkey,valkey,2,10,0-1,valkey-2,0.5637325696632679
2_10_0-1.json,5,valkey,valkey,2,10,0-1,valkey-3,0.03125403956121839
2_10_0-1.json,5,valkey,valkey,2,10,0-1,valkey-4,0.023820082783010538
2_10_0-1.json,5,valkey,valkey,2,10,0-1,valkey-5,0.03014857695694302
2_10_1-0.json,1,valkey,valkey,2,10,1-0,valkey-0,0.7673662979590234
2_10_1-0.json,1,valkey,valkey,2,10,1-0,valkey-1,0.7685095231066705
2_10_1-0.json,1,valkey,valkey,2,10,1-0,valkey-2,0.7818064511990224
2_10_1-0.json,1,valkey,valkey,2,10,1-0,valkey-3,0.46544017192468173
2_10_1-0.json,1,valkey,valkey,2,10,1-0,valkey-4,0.44994315331401885
2_10_1-0.json,1,valkey,valkey,2,10,1-0,valkey-5,0.4409678505926109
2_10_1-0.json,2,valkey,valkey,2,10,1-0,valkey-0,0.7930374779022505
2_10_1-0.json,2,valkey,valkey,2,10,1-0,valkey-1,0.7912956880205188
2_10_1-0.json,2,valkey,valkey,2,10,1-0,valkey-2,0.8081259531103582
2_10_1-0.json,2,valkey,valkey,2,10,1-0,valkey-3,0.45743670900198957
2_10_1-0.json,2,valkey,valkey,2,10,1-0,valkey-4,0.4678082803958875
2_10_1-0.json,2,valkey,valkey,2,10,1-0,valkey-5,0.46434936951189093
2_10_1-0.json,3,valkey,valkey,2,10,1-0,valkey-0,0.8007170859999762
2_10_1-0.json,3,valkey,valkey,2,10,1-0,valkey-1,0.8074781803675092
2_10_1-0.json,3,valkey,valkey,2,10,1-0,valkey-2,0.7652624095857996
2_10_1-0.json,3,valkey,valkey,2,10,1-0,valkey-3,0.4605149942365092
2_10_1-0.json,3,valkey,valkey,2,10,1-0,valkey-4,0.4527367060967901
2_10_1-0.json,3,valkey,valkey,2,10,1-0,valkey-5,0.4555739664816948
2_10_1-0.json,4,valkey,valkey,2,10,1-0,valkey-0,0.7985752535070603
2_10_1-0.json,4,valkey,valkey,2,10,1-0,valkey-1,0.7822249531565247
2_10_1-0.json,4,valkey,valkey,2,10,1-0,valkey-2,0.7929825294191406
2_10_1-0.json,4,valkey,valkey,2,10,1-0,valkey-3,0.4244464979589787
2_10_1-0.json,4,valkey,valkey,2,10,1-0,valkey-4,0.4341670358724729
2_10_1-0.json,4,valkey,valkey,2,10,1-0,valkey-5,0.44154357458528287
2_10_1-0.json,5,valkey,valkey,2,10,1-0,valkey-0,0.7888807119850495
2_10_1-0.json,5,valkey,valkey,2,10,1-0,valkey-1,0.7938509919052456
2_10_1-0.json,5,valkey,valkey,2,10,1-0,valkey-2,0.7916906497179091
2_10_1-0.json,5,valkey,valkey,2,10,1-0,valkey-3,0.43684818362035127
2_10_1-0.json,5,valkey,valkey,2,10,1-0,valkey-4,0.46818269927428396
2_10_1-0.json,5,valkey,valkey,2,10,1-0,valkey-5,0.4466932326084011
2_10_1-1.json,1,valkey,valkey,2,10,1-1,valkey-0,0.8095980826837706
2_10_1-1.json,1,valkey,valkey,2,10,1-1,valkey-1,0.8015187502427378
2_10_1-1.json,1,valkey,valkey,2,10,1-1,valkey-2,0.8130856708242974
2_10_1-1.json,1,valkey,valkey,2,10,1-1,valkey-3,0.31757764757386175
2_10_1-1.json,1,valkey,valkey,2,10,1-1,valkey-4,0.3305713373332797
2_10_1-1.json,1,valkey,valkey,2,10,1-1,valkey-5,0.3165142513978942
2_10_1-1.json,2,valkey,valkey,2,10,1-1,valkey-0,0.8314847596546132
2_10_1-1.json,2,valkey,valkey,2,10,1-1,valkey-1,0.8478656038143767
2_10_1-1.json,2,valkey,valkey,2,10,1-1,valkey-2,0.8440859438723431
2_10_1-1.json,2,valkey,valkey,2,10,1-1,valkey-3,0.3620708888714477
2_10_1-1.json,2,valkey,valkey,2,10,1-1,valkey-4,0.3594617270154257
2_10_1-1.json,2,valkey,valkey,2,10,1-1,valkey-5,0.3618711928904846
2_10_1-1.json,3,valkey,valkey,2,10,1-1,valkey-0,0.839448032141692
2_10_1-1.json,3,valkey,valkey,2,10,1-1,valkey-1,0.8445452175432755
2_10_1-1.json,3,valkey,valkey,2,10,1-1,valkey-2,0.8463740169536765
2_10_1-1.json,3,valkey,valkey,2,10,1-1,valkey-3,0.37479572700468444
2_10_1-1.json,3,valkey,valkey,2,10,1-1,valkey-4,0.3729334239298312
2_10_1-1.json,3,valkey,valkey,2,10,1-1,valkey-5,0.3673510673204084
2_10_1-1.json,4,valkey,valkey,2,10,1-1,valkey-0,0.8350251681700634
2_10_1-1.json,4,valkey,valkey,2,10,1-1,valkey-1,0.8428785951183728
2_10_1-1.json,4,valkey,valkey,2,10,1-1,valkey-2,0.8215081723330857
2_10_1-1.json,4,valkey,valkey,2,10,1-1,valkey-3,0.3739660221638559
2_10_1-1.json,4,valkey,valkey,2,10,1-1,valkey-4,0.35065391962530484
2_10_1-1.json,4,valkey,valkey,2,10,1-1,valkey-5,0.372960781049092
2_10_1-1.json,5,valkey,valkey,2,10,1-1,valkey-0,0.8417265564053689
2_10_1-1.json,5,valkey,valkey,2,10,1-1,valkey-1,0.8057061876570228
2_10_1-1.json,5,valkey,valkey,2,10,1-1,valkey-2,0.833107480392171
2_10_1-1.json,5,valkey,valkey,2,10,1-1,valkey-3,0.3764427052776864
2_10_1-1.json,5,valkey,valkey,2,10,1-1,valkey-4,0.37532745247033916
2_10_1-1.json,5,valkey,valkey,2,10,1-1,valkey-5,0.3827581076167203
2_1_0-1.json,1,valkey,valkey,2,1,0-1,valkey-0,0.647245799579618
2_1_0-1.json,1,valkey,valkey,2,1,0-1,valkey-1,0.6528367403726882
2_1_0-1.json,1,valkey,valkey,2,1,0-1,valkey-2,0.6295335792152725
2_1_0-1.json,1,valkey,valkey,2,1,0-1,valkey-3,0.1421540478999277
2_1_0-1.json,1,valkey,valkey,2,1,0-1,valkey-4,0.12677774343803205
2_1_0-1.json,1,valkey,valkey,2,1,0-1,valkey-5,0.12443502570781724
2_1_0-1.json,2,valkey,valkey,2,1,0-1,valkey-0,0.600611164953717
2_1_0-1.json,2,valkey,valkey,2,1,0-1,valkey-1,0.6250584136582804
2_1_0-1.json,2,valkey,valkey,2,1,0-1,valkey-2,0.6031865505847477
2_1_0-1.json,2,valkey,valkey,2,1,0-1,valkey-3,0.024457892955454995
2_1_0-1.json,2,valkey,valkey,2,1,0-1,valkey-4,0.022956241938110418
2_1_0-1.json,2,valkey,valkey,2,1,0-1,valkey-5,0.02175945553602313
2_1_0-1.json,3,valkey,valkey,2,1,0-1,valkey-0,0.5664970345983074
2_1_0-1.json,3,valkey,valkey,2,1,0-1,valkey-1,0.5699549341667568
2_1_0-1.json,3,valkey,valkey,2,1,0-1,valkey-2,0.5967374988649088
2_1_0-1.json,3,valkey,valkey,2,1,0-1,valkey-3,0.019662084486499885
2_1_0-1.json,3,valkey,valkey,2,1,0-1,valkey-4,0.022372451745424064
2_1_0-1.json,3,valkey,valkey,2,1,0-1,valkey-5,0.019515255804949956
2_1_0-1.json,4,valkey,valkey,2,1,0-1,valkey-0,0.6259594011328127
2_1_0-1.json,4,valkey,valkey,2,1,0-1,valkey-1,0.613463075190161
2_1_0-1.json,4,valkey,valkey,2,1,0-1,valkey-2,0.586578663932419
2_1_0-1.json,4,valkey,valkey,2,1,0-1,valkey-3,0.024129051830822958
2_1_0-1.json,4,valkey,valkey,2,1,0-1,valkey-4,0.023598609334714228
2_1_0-1.json,4,valkey,valkey,2,1,0-1,valkey-5,0.023482989493955938
2_1_0-1.json,5,valkey,valkey,2,1,0-1,valkey-0,0.6209345397162594
2_1_0-1.json,5,valkey,valkey,2,1,0-1,valkey-1,0.609548138419772
2_1_0-1.json,5,valkey,valkey,2,1,0-1,valkey-2,0.62132896081801
2_1_0-1.json,5,valkey,valkey,2,1,0-1,valkey-3,0.019396143479546213
2_1_0-1.json,5,valkey,valkey,2,1,0-1,valkey-4,0.01702951865133562
2_1_0-1.json,5,valkey,valkey,2,1,0-1,valkey-5,0.021236261585779924
2_1_1-0.json,1,valkey,valkey,2,1,1-0,valkey-0,0.7599320621841266
2_1_1-0.json,1,valkey,valkey,2,1,1-0,valkey-1,0.68935376663651
2_1_1-0.json,1,valkey,valkey,2,1,1-0,valkey-2,0.7167705379376674
2_1_1-0.json,1,valkey,valkey,2,1,1-0,valkey-3,0.6074358827193533
2_1_1-0.json,1,valkey,valkey,2,1,1-0,valkey-4,0.6604311138212854
2_1_1-0.json,1,valkey,valkey,2,1,1-0,valkey-5,0.6583573919562327
2_1_1-0.json,2,valkey,valkey,2,1,1-0,valkey-0,0.8076271217973523
2_1_1-0.json,2,valkey,valkey,2,1,1-0,valkey-1,0.7695518869730172
2_1_1-0.json,2,valkey,valkey,2,1,1-0,valkey-2,0.7920325216854346
2_1_1-0.json,2,valkey,valkey,2,1,1-0,valkey-3,0.7609092951921549
2_1_1-0.json,2,valkey,valkey,2,1,1-0,valkey-4,0.7635160120403085
2_1_1-0.json,2,valkey,valkey,2,1,1-0,valkey-5,0.7371679644818855
2_1_1-0.json,3,valkey,valkey,2,1,1-0,valkey-0,0.7507206157760156
2_1_1-0.json,3,valkey,valkey,2,1,1-0,valkey-1,0.7896823729275492
2_1_1-0.json,3,valkey,valkey,2,1,1-0,valkey-2,0.778464161538997
2_1_1-0.json,3,valkey,valkey,2,1,1-0,valkey-3,0.7647640927241919
2_1_1-0.json,3,valkey,valkey,2,1,1-0,valkey-4,0.7658613036294089
2_1_1-0.json,3,valkey,valkey,2,1,1-0,valkey-5,0.7538241218545831
2_1_1-0.json,4,valkey,valkey,2,1,1-0,valkey-0,0.7801451510772256
2_1_1-0.json,4,valkey,valkey,2,1,1-0,valkey-1,0.8073588504183454
2_1_1-0.json,4,valkey,valkey,2,1,1-0,valkey-2,0.7974580759954774
2_1_1-0.json,4,valkey,valkey,2,1,1-0,valkey-3,0.7461259780719696
2_1_1-0.json,4,valkey,valkey,2,1,1-0,valkey-4,0.7430329599341237
2_1_1-0.json,4,valkey,valkey,2,1,1-0,valkey-5,0.7626894794093415
2_1_1-0.json,5,valkey,valkey,2,1,1-0,valkey-0,0.7672614386352211
2_1_1-0.json,5,valkey,valkey,2,1,1-0,valkey-1,0.8223574210174303
2_1_1-0.json,5,valkey,valkey,2,1,1-0,valkey-2,0.827158579771782
2_1_1-0.json,5,valkey,valkey,2,1,1-0,valkey-3,0.7475968931729531
2_1_1-0.json,5,valkey,valkey,2,1,1-0,valkey-4,0.7760979640441459
2_1_1-0.json,5,valkey,valkey,2,1,1-0,valkey-5,0.7513738298137174
2_1_1-1.json,1,valkey,valkey,2,1,1-1,valkey-0,0.682529380621657
2_1_1-1.json,1,valkey,valkey,2,1,1-1,valkey-1,0.6744633770824019
2_1_1-1.json,1,valkey,valkey,2,1,1-1,valkey-2,0.6838464455604171
2_1_1-1.json,1,valkey,valkey,2,1,1-1,valkey-3,0.3358349308105366
2_1_1-1.json,1,valkey,valkey,2,1,1-1,valkey-4,0.3491904472140748
2_1_1-1.json,1,valkey,valkey,2,1,1-1,valkey-5,0.3360723105595441
2_1_1-1.json,2,valkey,valkey,2,1,1-1,valkey-0,0.6866689137458215
2_1_1-1.json,2,valkey,valkey,2,1,1-1,valkey-1,0.6750098361131406
2_1_1-1.json,2,valkey,valkey,2,1,1-1,valkey-2,0.7075455694434611
2_1_1-1.json,2,valkey,valkey,2,1,1-1,valkey-3,0.3820424125156356
2_1_1-1.json,2,valkey,valkey,2,1,1-1,valkey-4,0.40978113233030666
2_1_1-1.json,2,valkey,valkey,2,1,1-1,valkey-5,0.4001575201504271
2_1_1-1.json,3,valkey,valkey,2,1,1-1,valkey-0,0.695538945845529
2_1_1-1.json,3,valkey,valkey,2,1,1-1,valkey-1,0.6831643426231293
2_1_1-1.json,3,valkey,valkey,2,1,1-1,valkey-2,0.695636450499402
2_1_1-1.json,3,valkey,valkey,2,1,1-1,valkey-3,0.3807059478295887
2_1_1-1.json,3,valkey,valkey,2,1,1-1,valkey-4,0.39842024245109586
2_1_1-1.json,3,valkey,valkey,2,1,1-1,valkey-5,0.3850317911870504
2_1_1-1.json,4,valkey,valkey,2,1,1-1,valkey-0,0.6966309948714161
2_1_1-1.json,4,valkey,valkey,2,1,1-1,valkey-1,0.6805243786559598
2_1_1-1.json,4,valkey,valkey,2,1,1-1,valkey-2,0.6596536251060608
2_1_1-1.json,4,valkey,valkey,2,1,1-1,valkey-3,0.3907000628137824
2_1_1-1.json,4,valkey,valkey,2,1,1-1,valkey-4,0.4078520244066808
2_1_1-1.json,4,valkey,valkey,2,1,1-1,valkey-5,0.40625638643882134
2_1_1-1.json,5,valkey,valkey,2,1,1-1,valkey-0,0.6982880648614267
2_1_1-1.json,5,valkey,valkey,2,1,1-1,valkey-1,0.6843032393346504
2_1_1-1.json,5,valkey,valkey,2,1,1-1,valkey-2,0.6848061093252591
2_1_1-1.json,5,valkey,valkey,2,1,1-1,valkey-3,0.38878990953946035
2_1_1-1.json,5,valkey,valkey,2,1,1-1,valkey-4,0.3843793217827889
2_1_1-1.json,5,valkey,valkey,2,1,1-1,valkey-5,0.4038708922435846
