file,id,provider,variant,cpu,payload,ratio,pod,memory_usage
1_1000_0-1.json,1,redis72,redis72,1,1000,0-1,redis72-redis-cluster-0,228814374.08264464
1_1000_0-1.json,1,redis72,redis72,1,1000,0-1,redis72-redis-cluster-1,169743757.7520661
1_1000_0-1.json,1,redis72,redis72,1,1000,0-1,redis72-redis-cluster-2,158632088.3305785
1_1000_0-1.json,1,redis72,redis72,1,1000,0-1,redis72-redis-cluster-3,137349373.88429752
1_1000_0-1.json,1,redis72,redis72,1,1000,0-1,redis72-redis-cluster-4,161917046.47933885
1_1000_0-1.json,1,redis72,redis72,1,1000,0-1,redis72-redis-cluster-5,131512641.58677685
1_1000_0-1.json,2,redis72,redis72,1,1000,0-1,redis72-redis-cluster-0,127252259.96694215
1_1000_0-1.json,2,redis72,redis72,1,1000,0-1,redis72-redis-cluster-1,162833433.38842976
1_1000_0-1.json,2,redis72,redis72,1,1000,0-1,redis72-redis-cluster-2,210856494.54545453
1_1000_0-1.json,2,redis72,redis72,1,1000,0-1,redis72-redis-cluster-3,113896117.95041323
1_1000_0-1.json,2,redis72,redis72,1,1000,0-1,redis72-redis-cluster-4,120751027.83471075
1_1000_0-1.json,2,redis72,redis72,1,1000,0-1,redis72-redis-cluster-5,84154588.03305785
1_1000_0-1.json,3,redis72,redis72,1,1000,0-1,redis72-redis-cluster-0,139538262.74380165
1_1000_0-1.json,3,redis72,redis72,1,1000,0-1,redis72-redis-cluster-1,96646812.56198347
1_1000_0-1.json,3,redis72,redis72,1,1000,0-1,redis72-redis-cluster-2,154861195.63636363
1_1000_0-1.json,3,redis72,redis72,1,1000,0-1,redis72-redis-cluster-3,134892789.4214876
1_1000_0-1.json,3,redis72,redis72,1,1000,0-1,redis72-redis-cluster-4,79163358.14876033
1_1000_0-1.json,3,redis72,redis72,1,1000,0-1,redis72-redis-cluster-5,114660952.85950413
1_1000_0-1.json,4,redis72,redis72,1,1000,0-1,redis72-redis-cluster-0,229085014.74380165
1_1000_0-1.json,4,redis72,redis72,1,1000,0-1,redis72-redis-cluster-1,161762447.8677686
1_1000_0-1.json,4,redis72,redis72,1,1000,0-1,redis72-redis-cluster-2,132636908.95867768
1_1000_0-1.json,4,redis72,redis72,1,1000,0-1,redis72-redis-cluster-3,87098867.30578512
1_1000_0-1.json,4,redis72,redis72,1,1000,0-1,redis72-redis-cluster-4,75765404.56198347
1_1000_0-1.json,4,redis72,redis72,1,1000,0-1,redis72-redis-cluster-5,91963933.6198347
1_1000_0-1.json,5,redis72,redis72,1,1000,0-1,redis72-redis-cluster-0,142182450.7768595
1_1000_0-1.json,5,redis72,redis72,1,1000,0-1,redis72-redis-cluster-1,168125499.2396694
1_1000_0-1.json,5,redis72,redis72,1,1000,0-1,redis72-redis-cluster-2,95858857.25619835
1_1000_0-1.json,5,redis72,redis72,1,1000,0-1,redis72-redis-cluster-3,128821975.8016529
1_1000_0-1.json,5,redis72,redis72,1,1000,0-1,redis72-redis-cluster-4,80525227.37190083
1_1000_0-1.json,5,redis72,redis72,1,1000,0-1,redis72-redis-cluster-5,122222338.11570248
1_1000_1-0.json,1,redis72,redis72,1,1000,1-0,redis72-redis-cluster-0,866578264.1311475
1_1000_1-0.json,1,redis72,redis72,1,1000,1-0,redis72-redis-cluster-1,808936263.3442622
1_1000_1-0.json,1,redis72,redis72,1,1000,1-0,redis72-redis-cluster-2,830263564.590164
1_1000_1-0.json,1,redis72,redis72,1,1000,1-0,redis72-redis-cluster-3,584757415.8688525
1_1000_1-0.json,1,redis72,redis72,1,1000,1-0,redis72-redis-cluster-4,598093588.9836066
1_1000_1-0.json,1,redis72,redis72,1,1000,1-0,redis72-redis-cluster-5,591961910.5573771
1_1000_1-0.json,2,redis72,redis72,1,1000,1-0,redis72-redis-cluster-0,796548442.9752066
1_1000_1-0.json,2,redis72,redis72,1,1000,1-0,redis72-redis-cluster-1,894981145.3884298
1_1000_1-0.json,2,redis72,redis72,1,1000,1-0,redis72-redis-cluster-2,888259541.6859504
1_1000_1-0.json,2,redis72,redis72,1,1000,1-0,redis72-redis-cluster-3,581362645.6859504
1_1000_1-0.json,2,redis72,redis72,1,1000,1-0,redis72-redis-cluster-4,586780401.1900827
1_1000_1-0.json,2,redis72,redis72,1,1000,1-0,redis72-redis-cluster-5,583423102.9421488
1_1000_1-0.json,3,redis72,redis72,1,1000,1-0,redis72-redis-cluster-0,813948726.5573771
1_1000_1-0.json,3,redis72,redis72,1,1000,1-0,redis72-redis-cluster-1,799021089.5737705
1_1000_1-0.json,3,redis72,redis72,1,1000,1-0,redis72-redis-cluster-2,844685110.5573771
1_1000_1-0.json,3,redis72,redis72,1,1000,1-0,redis72-redis-cluster-3,581258021.7704918
1_1000_1-0.json,3,redis72,redis72,1,1000,1-0,redis72-redis-cluster-4,583276241.8360655
1_1000_1-0.json,3,redis72,redis72,1,1000,1-0,redis72-redis-cluster-5,583645687.6065574
1_1000_1-0.json,4,redis72,redis72,1,1000,1-0,redis72-redis-cluster-0,847986247.9338843
1_1000_1-0.json,4,redis72,redis72,1,1000,1-0,redis72-redis-cluster-1,867341946.7107438
1_1000_1-0.json,4,redis72,redis72,1,1000,1-0,redis72-redis-cluster-2,864495700.6280992
1_1000_1-0.json,4,redis72,redis72,1,1000,1-0,redis72-redis-cluster-3,580732809.5206611
1_1000_1-0.json,4,redis72,redis72,1,1000,1-0,redis72-redis-cluster-4,585491278.2809918
1_1000_1-0.json,4,redis72,redis72,1,1000,1-0,redis72-redis-cluster-5,587034894.8099173
1_1000_1-0.json,5,redis72,redis72,1,1000,1-0,redis72-redis-cluster-0,914380783.0743802
1_1000_1-0.json,5,redis72,redis72,1,1000,1-0,redis72-redis-cluster-1,765092009.2561984
1_1000_1-0.json,5,redis72,redis72,1,1000,1-0,redis72-redis-cluster-2,758065236.6280992
1_1000_1-0.json,5,redis72,redis72,1,1000,1-0,redis72-redis-cluster-3,589036755.5702479
1_1000_1-0.json,5,redis72,redis72,1,1000,1-0,redis72-redis-cluster-4,584225918.9421488
1_1000_1-0.json,5,redis72,redis72,1,1000,1-0,redis72-redis-cluster-5,584776577.0578512
1_1000_1-1.json,1,redis72,redis72,1,1000,1-1,redis72-redis-cluster-0,1198099836.8264463
1_1000_1-1.json,1,redis72,redis72,1,1000,1-1,redis72-redis-cluster-1,1245622982.876033
1_1000_1-1.json,1,redis72,redis72,1,1000,1-1,redis72-redis-cluster-2,1348561183.7355373
1_1000_1-1.json,1,redis72,redis72,1,1000,1-1,redis72-redis-cluster-3,447901255.9338843
1_1000_1-1.json,1,redis72,redis72,1,1000,1-1,redis72-redis-cluster-4,309919710.1487603
1_1000_1-1.json,1,redis72,redis72,1,1000,1-1,redis72-redis-cluster-5,366955325.3553719
1_1000_1-1.json,2,redis72,redis72,1,1000,1-1,redis72-redis-cluster-0,1453341839.8677685
1_1000_1-1.json,2,redis72,redis72,1,1000,1-1,redis72-redis-cluster-1,1267889211.2396693
1_1000_1-1.json,2,redis72,redis72,1,1000,1-1,redis72-redis-cluster-2,1440934988.1652892
1_1000_1-1.json,2,redis72,redis72,1,1000,1-1,redis72-redis-cluster-3,575479300.2314049
1_1000_1-1.json,2,redis72,redis72,1,1000,1-1,redis72-redis-cluster-4,563065881.3884298
1_1000_1-1.json,2,redis72,redis72,1,1000,1-1,redis72-redis-cluster-5,557818160.661157
1_1000_1-1.json,3,redis72,redis72,1,1000,1-1,redis72-redis-cluster-0,1394809119.7355373
1_1000_1-1.json,3,redis72,redis72,1,1000,1-1,redis72-redis-cluster-1,1483059369.2561984
1_1000_1-1.json,3,redis72,redis72,1,1000,1-1,redis72-redis-cluster-2,1407804373.6859505
1_1000_1-1.json,3,redis72,redis72,1,1000,1-1,redis72-redis-cluster-3,533705211.76859504
1_1000_1-1.json,3,redis72,redis72,1,1000,1-1,redis72-redis-cluster-4,413949071.8677686
1_1000_1-1.json,3,redis72,redis72,1,1000,1-1,redis72-redis-cluster-5,582137297.4545455
1_1000_1-1.json,4,redis72,redis72,1,1000,1-1,redis72-redis-cluster-0,1502989591.2727273
1_1000_1-1.json,4,redis72,redis72,1,1000,1-1,redis72-redis-cluster-1,1348736905.520661
1_1000_1-1.json,4,redis72,redis72,1,1000,1-1,redis72-redis-cluster-2,1398471316.0991735
1_1000_1-1.json,4,redis72,redis72,1,1000,1-1,redis72-redis-cluster-3,537087086.016529
1_1000_1-1.json,4,redis72,redis72,1,1000,1-1,redis72-redis-cluster-4,497894154.5785124
1_1000_1-1.json,4,redis72,redis72,1,1000,1-1,redis72-redis-cluster-5,568434586.446281
1_1000_1-1.json,5,redis72,redis72,1,1000,1-1,redis72-redis-cluster-0,1409001267.2
1_1000_1-1.json,5,redis72,redis72,1,1000,1-1,redis72-redis-cluster-1,1325563494.4
1_1000_1-1.json,5,redis72,redis72,1,1000,1-1,redis72-redis-cluster-2,1311457041.0666666
1_1000_1-1.json,5,redis72,redis72,1,1000,1-1,redis72-redis-cluster-3,559072290.1333333
1_1000_1-1.json,5,redis72,redis72,1,1000,1-1,redis72-redis-cluster-4,432504866.1333333
1_1000_1-1.json,5,redis72,redis72,1,1000,1-1,redis72-redis-cluster-5,547467537.0666667
1_10_0-1.json,1,redis72,redis72,1,10,0-1,redis72-redis-cluster-0,686055187.0413224
1_10_0-1.json,1,redis72,redis72,1,10,0-1,redis72-redis-cluster-1,686223563.107438
1_10_0-1.json,1,redis72,redis72,1,10,0-1,redis72-redis-cluster-2,691676828.5619835
1_10_0-1.json,1,redis72,redis72,1,10,0-1,redis72-redis-cluster-3,680401386.8429753
1_10_0-1.json,1,redis72,redis72,1,10,0-1,redis72-redis-cluster-4,677194658.9090909
1_10_0-1.json,1,redis72,redis72,1,10,0-1,redis72-redis-cluster-5,675646946.3801653
1_10_0-1.json,2,redis72,redis72,1,10,0-1,redis72-redis-cluster-0,683957154.9090909
1_10_0-1.json,2,redis72,redis72,1,10,0-1,redis72-redis-cluster-1,680778354.2479339
1_10_0-1.json,2,redis72,redis72,1,10,0-1,redis72-redis-cluster-2,689259883.9008265
1_10_0-1.json,2,redis72,redis72,1,10,0-1,redis72-redis-cluster-3,680465297.983471
1_10_0-1.json,2,redis72,redis72,1,10,0-1,redis72-redis-cluster-4,676643052.9586776
1_10_0-1.json,2,redis72,redis72,1,10,0-1,redis72-redis-cluster-5,674180341.4214876
1_10_0-1.json,3,redis72,redis72,1,10,0-1,redis72-redis-cluster-0,605866407.1404959
1_10_0-1.json,3,redis72,redis72,1,10,0-1,redis72-redis-cluster-1,679832787.5702479
1_10_0-1.json,3,redis72,redis72,1,10,0-1,redis72-redis-cluster-2,689348709.553719
1_10_0-1.json,3,redis72,redis72,1,10,0-1,redis72-redis-cluster-3,680431751.4049587
1_10_0-1.json,3,redis72,redis72,1,10,0-1,redis72-redis-cluster-4,642930264.8595041
1_10_0-1.json,3,redis72,redis72,1,10,0-1,redis72-redis-cluster-5,674379657.5206611
1_10_0-1.json,4,redis72,redis72,1,10,0-1,redis72-redis-cluster-0,685219670.7438016
1_10_0-1.json,4,redis72,redis72,1,10,0-1,redis72-redis-cluster-1,681922627.7024794
1_10_0-1.json,4,redis72,redis72,1,10,0-1,redis72-redis-cluster-2,688153997.7520661
1_10_0-1.json,4,redis72,redis72,1,10,0-1,redis72-redis-cluster-3,680310123.9008265
1_10_0-1.json,4,redis72,redis72,1,10,0-1,redis72-redis-cluster-4,604439814.3471074
1_10_0-1.json,4,redis72,redis72,1,10,0-1,redis72-redis-cluster-5,674806894.016529
1_10_0-1.json,5,redis72,redis72,1,10,0-1,redis72-redis-cluster-0,672979874.9090909
1_10_0-1.json,5,redis72,redis72,1,10,0-1,redis72-redis-cluster-1,682145876.6280992
1_10_0-1.json,5,redis72,redis72,1,10,0-1,redis72-redis-cluster-2,687383882.0495868
1_10_0-1.json,5,redis72,redis72,1,10,0-1,redis72-redis-cluster-3,680201021.355372
1_10_0-1.json,5,redis72,redis72,1,10,0-1,redis72-redis-cluster-4,592940717.4876033
1_10_0-1.json,5,redis72,redis72,1,10,0-1,redis72-redis-cluster-5,674357823.4710743
1_10_1-0.json,1,redis72,redis72,1,10,1-0,redis72-redis-cluster-0,689478969.1239669
1_10_1-0.json,1,redis72,redis72,1,10,1-0,redis72-redis-cluster-1,682119608.0661157
1_10_1-0.json,1,redis72,redis72,1,10,1-0,redis72-redis-cluster-2,652641169.983471
1_10_1-0.json,1,redis72,redis72,1,10,1-0,redis72-redis-cluster-3,662020096.0
1_10_1-0.json,1,redis72,redis72,1,10,1-0,redis72-redis-cluster-4,654932628.0991735
1_10_1-0.json,1,redis72,redis72,1,10,1-0,redis72-redis-cluster-5,656817465.1239669
1_10_1-0.json,2,redis72,redis72,1,10,1-0,redis72-redis-cluster-0,701118108.5619835
1_10_1-0.json,2,redis72,redis72,1,10,1-0,redis72-redis-cluster-1,700519077.0247934
1_10_1-0.json,2,redis72,redis72,1,10,1-0,redis72-redis-cluster-2,706382280.9917356
1_10_1-0.json,2,redis72,redis72,1,10,1-0,redis72-redis-cluster-3,684985961.785124
1_10_1-0.json,2,redis72,redis72,1,10,1-0,redis72-redis-cluster-4,677205051.2396694
1_10_1-0.json,2,redis72,redis72,1,10,1-0,redis72-redis-cluster-5,675325799.6694214
1_10_1-0.json,3,redis72,redis72,1,10,1-0,redis72-redis-cluster-0,705212348.2975206
1_10_1-0.json,3,redis72,redis72,1,10,1-0,redis72-redis-cluster-1,707720420.4958677
1_10_1-0.json,3,redis72,redis72,1,10,1-0,redis72-redis-cluster-2,710763748.4958677
1_10_1-0.json,3,redis72,redis72,1,10,1-0,redis72-redis-cluster-3,683904854.7438016
1_10_1-0.json,3,redis72,redis72,1,10,1-0,redis72-redis-cluster-4,677181761.5867769
1_10_1-0.json,3,redis72,redis72,1,10,1-0,redis72-redis-cluster-5,675176244.892562
1_10_1-0.json,4,redis72,redis72,1,10,1-0,redis72-redis-cluster-0,713369907.2
1_10_1-0.json,4,redis72,redis72,1,10,1-0,redis72-redis-cluster-1,703443046.4
1_10_1-0.json,4,redis72,redis72,1,10,1-0,redis72-redis-cluster-2,709814954.6666666
1_10_1-0.json,4,redis72,redis72,1,10,1-0,redis72-redis-cluster-3,681168349.8666667
1_10_1-0.json,4,redis72,redis72,1,10,1-0,redis72-redis-cluster-4,676997973.3333334
1_10_1-0.json,4,redis72,redis72,1,10,1-0,redis72-redis-cluster-5,675642368.0
1_10_1-0.json,5,redis72,redis72,1,10,1-0,redis72-redis-cluster-0,677682895.338843
1_10_1-0.json,5,redis72,redis72,1,10,1-0,redis72-redis-cluster-1,704384245.4214876
1_10_1-0.json,5,redis72,redis72,1,10,1-0,redis72-redis-cluster-2,709680238.016529
1_10_1-0.json,5,redis72,redis72,1,10,1-0,redis72-redis-cluster-3,680937082.7107438
1_10_1-0.json,5,redis72,redis72,1,10,1-0,redis72-redis-cluster-4,677574977.5867769
1_10_1-0.json,5,redis72,redis72,1,10,1-0,redis72-redis-cluster-5,675308027.7685951
1_10_1-1.json,1,redis72,redis72,1,10,1-1,redis72-redis-cluster-0,694751435.107438
1_10_1-1.json,1,redis72,redis72,1,10,1-1,redis72-redis-cluster-1,698806949.0247934
1_10_1-1.json,1,redis72,redis72,1,10,1-1,redis72-redis-cluster-2,699915509.4214876
1_10_1-1.json,1,redis72,redis72,1,10,1-1,redis72-redis-cluster-3,683666474.3140496
1_10_1-1.json,1,redis72,redis72,1,10,1-1,redis72-redis-cluster-4,677105427.0413224
1_10_1-1.json,1,redis72,redis72,1,10,1-1,redis72-redis-cluster-5,639888967.9338843
1_10_1-1.json,2,redis72,redis72,1,10,1-1,redis72-redis-cluster-0,699365189.8181819
1_10_1-1.json,2,redis72,redis72,1,10,1-1,redis72-redis-cluster-1,696260049.4545455
1_10_1-1.json,2,redis72,redis72,1,10,1-1,redis72-redis-cluster-2,705248027.5041323
1_10_1-1.json,2,redis72,redis72,1,10,1-1,redis72-redis-cluster-3,681339777.0578512
1_10_1-1.json,2,redis72,redis72,1,10,1-1,redis72-redis-cluster-4,677641292.1652893
1_10_1-1.json,2,redis72,redis72,1,10,1-1,redis72-redis-cluster-5,675149163.9008265
1_10_1-1.json,3,redis72,redis72,1,10,1-1,redis72-redis-cluster-0,701562676.892562
1_10_1-1.json,3,redis72,redis72,1,10,1-1,redis72-redis-cluster-1,693957285.0247934
1_10_1-1.json,3,redis72,redis72,1,10,1-1,redis72-redis-cluster-2,704744896.5289257
1_10_1-1.json,3,redis72,redis72,1,10,1-1,redis72-redis-cluster-3,680856956.8264463
1_10_1-1.json,3,redis72,redis72,1,10,1-1,redis72-redis-cluster-4,676805335.8016529
1_10_1-1.json,3,redis72,redis72,1,10,1-1,redis72-redis-cluster-5,678066125.2231405
1_10_1-1.json,4,redis72,redis72,1,10,1-1,redis72-redis-cluster-0,617585943.2727273
1_10_1-1.json,4,redis72,redis72,1,10,1-1,redis72-redis-cluster-1,696597749.4214876
1_10_1-1.json,4,redis72,redis72,1,10,1-1,redis72-redis-cluster-2,701280425.2561984
1_10_1-1.json,4,redis72,redis72,1,10,1-1,redis72-redis-cluster-3,680428433.983471
1_10_1-1.json,4,redis72,redis72,1,10,1-1,redis72-redis-cluster-4,677050012.5619835
1_10_1-1.json,4,redis72,redis72,1,10,1-1,redis72-redis-cluster-5,676178275.4380165
1_10_1-1.json,5,redis72,redis72,1,10,1-1,redis72-redis-cluster-0,699828816.3966942
1_10_1-1.json,5,redis72,redis72,1,10,1-1,redis72-redis-cluster-1,701292916.3636364
1_10_1-1.json,5,redis72,redis72,1,10,1-1,redis72-redis-cluster-2,700417591.0082644
1_10_1-1.json,5,redis72,redis72,1,10,1-1,redis72-redis-cluster-3,681239374.2809918
1_10_1-1.json,5,redis72,redis72,1,10,1-1,redis72-redis-cluster-4,677151532.4297521
1_10_1-1.json,5,redis72,redis72,1,10,1-1,redis72-redis-cluster-5,675388289.0578512
1_1_0-1.json,1,redis72,redis72,1,1,0-1,redis72-redis-cluster-0,494884440.8595041
1_1_0-1.json,1,redis72,redis72,1,1,0-1,redis72-redis-cluster-1,492620943.8677686
1_1_0-1.json,1,redis72,redis72,1,1,0-1,redis72-redis-cluster-2,498283274.5785124
1_1_0-1.json,1,redis72,redis72,1,1,0-1,redis72-redis-cluster-3,498647649.322314
1_1_0-1.json,1,redis72,redis72,1,1,0-1,redis72-redis-cluster-4,492358427.5041322
1_1_0-1.json,1,redis72,redis72,1,1,0-1,redis72-redis-cluster-5,491425521.19008267
1_1_0-1.json,2,redis72,redis72,1,1,0-1,redis72-redis-cluster-0,446965167.60330576
1_1_0-1.json,2,redis72,redis72,1,1,0-1,redis72-redis-cluster-1,492258430.94214875
1_1_0-1.json,2,redis72,redis72,1,1,0-1,redis72-redis-cluster-2,499299184.1322314
1_1_0-1.json,2,redis72,redis72,1,1,0-1,redis72-redis-cluster-3,485132304.92561984
1_1_0-1.json,2,redis72,redis72,1,1,0-1,redis72-redis-cluster-4,492804756.09917355
1_1_0-1.json,2,redis72,redis72,1,1,0-1,redis72-redis-cluster-5,490298647.27272725
1_1_0-1.json,3,redis72,redis72,1,1,0-1,redis72-redis-cluster-0,460710190.1639344
1_1_0-1.json,3,redis72,redis72,1,1,0-1,redis72-redis-cluster-1,495018689.0491803
1_1_0-1.json,3,redis72,redis72,1,1,0-1,redis72-redis-cluster-2,501431849.9672131
1_1_0-1.json,3,redis72,redis72,1,1,0-1,redis72-redis-cluster-3,470557242.75409836
1_1_0-1.json,3,redis72,redis72,1,1,0-1,redis72-redis-cluster-4,492654759.86885244
1_1_0-1.json,3,redis72,redis72,1,1,0-1,redis72-redis-cluster-5,491688674.6229508
1_1_0-1.json,4,redis72,redis72,1,1,0-1,redis72-redis-cluster-0,493932713.25619835
1_1_0-1.json,4,redis72,redis72,1,1,0-1,redis72-redis-cluster-1,493800591.8677686
1_1_0-1.json,4,redis72,redis72,1,1,0-1,redis72-redis-cluster-2,500571449.12396693
1_1_0-1.json,4,redis72,redis72,1,1,0-1,redis72-redis-cluster-3,499911654.61157024
1_1_0-1.json,4,redis72,redis72,1,1,0-1,redis72-redis-cluster-4,494128745.78512394
1_1_0-1.json,4,redis72,redis72,1,1,0-1,redis72-redis-cluster-5,491200241.19008267
1_1_0-1.json,5,redis72,redis72,1,1,0-1,redis72-redis-cluster-0,453062080.5289256
1_1_0-1.json,5,redis72,redis72,1,1,0-1,redis72-redis-cluster-1,492009116.56198347
1_1_0-1.json,5,redis72,redis72,1,1,0-1,redis72-redis-cluster-2,500636646.61157024
1_1_0-1.json,5,redis72,redis72,1,1,0-1,redis72-redis-cluster-3,499478528.0
1_1_0-1.json,5,redis72,redis72,1,1,0-1,redis72-redis-cluster-4,493616678.08264464
1_1_0-1.json,5,redis72,redis72,1,1,0-1,redis72-redis-cluster-5,492355922.5123967
1_1_1-0.json,1,redis72,redis72,1,1,1-0,redis72-redis-cluster-0,494332733.3553719
1_1_1-0.json,1,redis72,redis72,1,1,1-0,redis72-redis-cluster-1,492651951.60330576
1_1_1-0.json,1,redis72,redis72,1,1,1-0,redis72-redis-cluster-2,498098209.8512397
1_1_1-0.json,1,redis72,redis72,1,1,1-0,redis72-redis-cluster-3,496629235.3057851
1_1_1-0.json,1,redis72,redis72,1,1,1-0,redis72-redis-cluster-4,461777149.88429755
1_1_1-0.json,1,redis72,redis72,1,1,1-0,redis72-redis-cluster-5,491148990.41322315
1_1_1-0.json,2,redis72,redis72,1,1,1-0,redis72-redis-cluster-0,495157823.4710744
1_1_1-0.json,2,redis72,redis72,1,1,1-0,redis72-redis-cluster-1,460037703.9338843
1_1_1-0.json,2,redis72,redis72,1,1,1-0,redis72-redis-cluster-2,511471142.08264464
1_1_1-0.json,2,redis72,redis72,1,1,1-0,redis72-redis-cluster-3,499011042.3801653
1_1_1-0.json,2,redis72,redis72,1,1,1-0,redis72-redis-cluster-4,495836066.90909094
1_1_1-0.json,2,redis72,redis72,1,1,1-0,redis72-redis-cluster-5,491431614.41322315
1_1_1-0.json,3,redis72,redis72,1,1,1-0,redis72-redis-cluster-0,496057284.76033056
1_1_1-0.json,3,redis72,redis72,1,1,1-0,redis72-redis-cluster-1,491815724.42975205
1_1_1-0.json,3,redis72,redis72,1,1,1-0,redis72-redis-cluster-2,498265908.892562
1_1_1-0.json,3,redis72,redis72,1,1,1-0,redis72-redis-cluster-3,498971537.9834711
1_1_1-0.json,3,redis72,redis72,1,1,1-0,redis72-redis-cluster-4,491177730.11570245
1_1_1-0.json,3,redis72,redis72,1,1,1-0,redis72-redis-cluster-5,491543391.2066116
1_1_1-0.json,4,redis72,redis72,1,1,1-0,redis72-redis-cluster-0,504820930.6446281
1_1_1-0.json,4,redis72,redis72,1,1,1-0,redis72-redis-cluster-1,493113851.76859504
1_1_1-0.json,4,redis72,redis72,1,1,1-0,redis72-redis-cluster-2,499307139.1735537
1_1_1-0.json,4,redis72,redis72,1,1,1-0,redis72-redis-cluster-3,500357069.2231405
1_1_1-0.json,4,redis72,redis72,1,1,1-0,redis72-redis-cluster-4,500347692.42975205
1_1_1-0.json,4,redis72,redis72,1,1,1-0,redis72-redis-cluster-5,492110907.23966944
1_1_1-0.json,5,redis72,redis72,1,1,1-0,redis72-redis-cluster-0,495565358.54545456
1_1_1-0.json,5,redis72,redis72,1,1,1-0,redis72-redis-cluster-1,470575730.24793386
1_1_1-0.json,5,redis72,redis72,1,1,1-0,redis72-redis-cluster-2,499376906.5785124
1_1_1-0.json,5,redis72,redis72,1,1,1-0,redis72-redis-cluster-3,500225692.56198347
1_1_1-0.json,5,redis72,redis72,1,1,1-0,redis72-redis-cluster-4,493514515.0413223
1_1_1-0.json,5,redis72,redis72,1,1,1-0,redis72-redis-cluster-5,491976687.07438016
1_1_1-1.json,1,redis72,redis72,1,1,1-1,redis72-redis-cluster-0,490417634.3801653
1_1_1-1.json,1,redis72,redis72,1,1,1-1,redis72-redis-cluster-1,494543761.9834711
1_1_1-1.json,1,redis72,redis72,1,1,1-1,redis72-redis-cluster-2,502134496.2644628
1_1_1-1.json,1,redis72,redis72,1,1,1-1,redis72-redis-cluster-3,499485399.8016529
1_1_1-1.json,1,redis72,redis72,1,1,1-1,redis72-redis-cluster-4,494082945.05785125
1_1_1-1.json,1,redis72,redis72,1,1,1-1,redis72-redis-cluster-5,491474266.9752066
1_1_1-1.json,2,redis72,redis72,1,1,1-1,redis72-redis-cluster-0,496376874.3140496
1_1_1-1.json,2,redis72,redis72,1,1,1-1,redis72-redis-cluster-1,493955393.58677685
1_1_1-1.json,2,redis72,redis72,1,1,1-1,redis72-redis-cluster-2,505147561.25619835
1_1_1-1.json,2,redis72,redis72,1,1,1-1,redis72-redis-cluster-3,499853193.5206612
1_1_1-1.json,2,redis72,redis72,1,1,1-1,redis72-redis-cluster-4,495326876.56198347
1_1_1-1.json,2,redis72,redis72,1,1,1-1,redis72-redis-cluster-5,493478531.1735537
1_1_1-1.json,3,redis72,redis72,1,1,1-1,redis72-redis-cluster-0,496454224.39669424
1_1_1-1.json,3,redis72,redis72,1,1,1-1,redis72-redis-cluster-1,494757904.92561984
1_1_1-1.json,3,redis72,redis72,1,1,1-1,redis72-redis-cluster-2,502622428.03305787
1_1_1-1.json,3,redis72,redis72,1,1,1-1,redis72-redis-cluster-3,500504322.11570245
1_1_1-1.json,3,redis72,redis72,1,1,1-1,redis72-redis-cluster-4,494831531.3719008
1_1_1-1.json,3,redis72,redis72,1,1,1-1,redis72-redis-cluster-5,494571926.21487606
1_1_1-1.json,4,redis72,redis72,1,1,1-1,redis72-redis-cluster-0,497084162.11570245
1_1_1-1.json,4,redis72,redis72,1,1,1-1,redis72-redis-cluster-1,494116525.4876033
1_1_1-1.json,4,redis72,redis72,1,1,1-1,redis72-redis-cluster-2,503161238.21487606
1_1_1-1.json,4,redis72,redis72,1,1,1-1,redis72-redis-cluster-3,502098275.43801653
1_1_1-1.json,4,redis72,redis72,1,1,1-1,redis72-redis-cluster-4,495758378.3140496
1_1_1-1.json,4,redis72,redis72,1,1,1-1,redis72-redis-cluster-5,494001972.892562
1_1_1-1.json,5,redis72,redis72,1,1,1-1,redis72-redis-cluster-0,504596530.7768595
1_1_1-1.json,5,redis72,redis72,1,1,1-1,redis72-redis-cluster-1,503607939.1735537
1_1_1-1.json,5,redis72,redis72,1,1,1-1,redis72-redis-cluster-2,503121496.8595041
1_1_1-1.json,5,redis72,redis72,1,1,1-1,redis72-redis-cluster-3,500781868.42975205
1_1_1-1.json,5,redis72,redis72,1,1,1-1,redis72-redis-cluster-4,428864131.1735537
1_1_1-1.json,5,redis72,redis72,1,1,1-1,redis72-redis-cluster-5,493704285.09090906
2_1000_0-1.json,1,redis72,redis72,2,1000,0-1,redis72-redis-cluster-0,169906074.446281
2_1000_0-1.json,1,redis72,redis72,2,1000,0-1,redis72-redis-cluster-1,162321094.87603307
2_1000_0-1.json,1,redis72,redis72,2,1000,0-1,redis72-redis-cluster-2,149775419.2396694
2_1000_0-1.json,1,redis72,redis72,2,1000,0-1,redis72-redis-cluster-3,114170516.09917356
2_1000_0-1.json,1,redis72,redis72,2,1000,0-1,redis72-redis-cluster-4,142408340.09917355
2_1000_0-1.json,1,redis72,redis72,2,1000,0-1,redis72-redis-cluster-5,133772448.79338843
2_1000_0-1.json,2,redis72,redis72,2,1000,0-1,redis72-redis-cluster-0,108641263.21311475
2_1000_0-1.json,2,redis72,redis72,2,1000,0-1,redis72-redis-cluster-1,91380349.90163934
2_1000_0-1.json,2,redis72,redis72,2,1000,0-1,redis72-redis-cluster-2,124637318.29508197
2_1000_0-1.json,2,redis72,redis72,2,1000,0-1,redis72-redis-cluster-3,103700009.96721311
2_1000_0-1.json,2,redis72,redis72,2,1000,0-1,redis72-redis-cluster-4,94822500.72131148
2_1000_0-1.json,2,redis72,redis72,2,1000,0-1,redis72-redis-cluster-5,101820483.14754099
2_1000_0-1.json,3,redis72,redis72,2,1000,0-1,redis72-redis-cluster-0,140217623.27272728
2_1000_0-1.json,3,redis72,redis72,2,1000,0-1,redis72-redis-cluster-1,110152204.69421488
2_1000_0-1.json,3,redis72,redis72,2,1000,0-1,redis72-redis-cluster-2,112331276.69421488
2_1000_0-1.json,3,redis72,redis72,2,1000,0-1,redis72-redis-cluster-3,74863607.53719008
2_1000_0-1.json,3,redis72,redis72,2,1000,0-1,redis72-redis-cluster-4,107381277.6198347
2_1000_0-1.json,3,redis72,redis72,2,1000,0-1,redis72-redis-cluster-5,98548710.61157025
2_1000_0-1.json,4,redis72,redis72,2,1000,0-1,redis72-redis-cluster-0,131297246.14876033
2_1000_0-1.json,4,redis72,redis72,2,1000,0-1,redis72-redis-cluster-1,90739094.21487603
2_1000_0-1.json,4,redis72,redis72,2,1000,0-1,redis72-redis-cluster-2,126086897.19008264
2_1000_0-1.json,4,redis72,redis72,2,1000,0-1,redis72-redis-cluster-3,84801959.14049587
2_1000_0-1.json,4,redis72,redis72,2,1000,0-1,redis72-redis-cluster-4,112759054.80991736
2_1000_0-1.json,4,redis72,redis72,2,1000,0-1,redis72-redis-cluster-5,79106352.66115703
2_1000_0-1.json,5,redis72,redis72,2,1000,0-1,redis72-redis-cluster-0,127258489.70491803
2_1000_0-1.json,5,redis72,redis72,2,1000,0-1,redis72-redis-cluster-1,118827343.73770492
2_1000_0-1.json,5,redis72,redis72,2,1000,0-1,redis72-redis-cluster-2,121826387.93442623
2_1000_0-1.json,5,redis72,redis72,2,1000,0-1,redis72-redis-cluster-3,82396109.63934426
2_1000_0-1.json,5,redis72,redis72,2,1000,0-1,redis72-redis-cluster-4,100961431.08196722
2_1000_0-1.json,5,redis72,redis72,2,1000,0-1,redis72-redis-cluster-5,92422781.90163934
2_1000_1-0.json,1,redis72,redis72,2,1000,1-0,redis72-redis-cluster-0,698443725.2231405
2_1000_1-0.json,1,redis72,redis72,2,1000,1-0,redis72-redis-cluster-1,701080059.7685951
2_1000_1-0.json,1,redis72,redis72,2,1000,1-0,redis72-redis-cluster-2,684954480.1322314
2_1000_1-0.json,1,redis72,redis72,2,1000,1-0,redis72-redis-cluster-3,587377198.5454545
2_1000_1-0.json,1,redis72,redis72,2,1000,1-0,redis72-redis-cluster-4,588674682.7107438
2_1000_1-0.json,1,redis72,redis72,2,1000,1-0,redis72-redis-cluster-5,592411690.3140496
2_1000_1-0.json,2,redis72,redis72,2,1000,1-0,redis72-redis-cluster-0,708103988.892562
2_1000_1-0.json,2,redis72,redis72,2,1000,1-0,redis72-redis-cluster-1,731558835.8347107
2_1000_1-0.json,2,redis72,redis72,2,1000,1-0,redis72-redis-cluster-2,725640928.2644628
2_1000_1-0.json,2,redis72,redis72,2,1000,1-0,redis72-redis-cluster-3,570855187.0413224
2_1000_1-0.json,2,redis72,redis72,2,1000,1-0,redis72-redis-cluster-4,583988012.4297521
2_1000_1-0.json,2,redis72,redis72,2,1000,1-0,redis72-redis-cluster-5,587519035.2396694
2_1000_1-0.json,3,redis72,redis72,2,1000,1-0,redis72-redis-cluster-0,685406021.8181819
2_1000_1-0.json,3,redis72,redis72,2,1000,1-0,redis72-redis-cluster-1,736211621.0247934
2_1000_1-0.json,3,redis72,redis72,2,1000,1-0,redis72-redis-cluster-2,730522852.4958677
2_1000_1-0.json,3,redis72,redis72,2,1000,1-0,redis72-redis-cluster-3,584407496.9917356
2_1000_1-0.json,3,redis72,redis72,2,1000,1-0,redis72-redis-cluster-4,584354452.0991735
2_1000_1-0.json,3,redis72,redis72,2,1000,1-0,redis72-redis-cluster-5,583364540.2975206
2_1000_1-0.json,4,redis72,redis72,2,1000,1-0,redis72-redis-cluster-0,733365164.0655738
2_1000_1-0.json,4,redis72,redis72,2,1000,1-0,redis72-redis-cluster-1,744008922.2295082
2_1000_1-0.json,4,redis72,redis72,2,1000,1-0,redis72-redis-cluster-2,716872653.6393442
2_1000_1-0.json,4,redis72,redis72,2,1000,1-0,redis72-redis-cluster-3,585368492.0655738
2_1000_1-0.json,4,redis72,redis72,2,1000,1-0,redis72-redis-cluster-4,583510318.1639345
2_1000_1-0.json,4,redis72,redis72,2,1000,1-0,redis72-redis-cluster-5,584615331.6721312
2_1000_1-0.json,5,redis72,redis72,2,1000,1-0,redis72-redis-cluster-0,728907911.4049587
2_1000_1-0.json,5,redis72,redis72,2,1000,1-0,redis72-redis-cluster-1,720523805.6198347
2_1000_1-0.json,5,redis72,redis72,2,1000,1-0,redis72-redis-cluster-2,710820957.0909091
2_1000_1-0.json,5,redis72,redis72,2,1000,1-0,redis72-redis-cluster-3,586096741.553719
2_1000_1-0.json,5,redis72,redis72,2,1000,1-0,redis72-redis-cluster-4,586877723.5041323
2_1000_1-0.json,5,redis72,redis72,2,1000,1-0,redis72-redis-cluster-5,586990685.0909091
2_1000_1-1.json,1,redis72,redis72,2,1000,1-1,redis72-redis-cluster-0,1009633059.9669422
2_1000_1-1.json,1,redis72,redis72,2,1000,1-1,redis72-redis-cluster-1,1227683078.3471074
2_1000_1-1.json,1,redis72,redis72,2,1000,1-1,redis72-redis-cluster-2,1246369098.0495868
2_1000_1-1.json,1,redis72,redis72,2,1000,1-1,redis72-redis-cluster-3,477926357.6859504
2_1000_1-1.json,1,redis72,redis72,2,1000,1-1,redis72-redis-cluster-4,427591121.45454544
2_1000_1-1.json,1,redis72,redis72,2,1000,1-1,redis72-redis-cluster-5,426078986.5785124
2_1000_1-1.json,2,redis72,redis72,2,1000,1-1,redis72-redis-cluster-0,1153628143.0743802
2_1000_1-1.json,2,redis72,redis72,2,1000,1-1,redis72-redis-cluster-1,1161685381.289256
2_1000_1-1.json,2,redis72,redis72,2,1000,1-1,redis72-redis-cluster-2,1229436504.8595042
2_1000_1-1.json,2,redis72,redis72,2,1000,1-1,redis72-redis-cluster-3,580342166.214876
2_1000_1-1.json,2,redis72,redis72,2,1000,1-1,redis72-redis-cluster-4,406800299.3719008
2_1000_1-1.json,2,redis72,redis72,2,1000,1-1,redis72-redis-cluster-5,587516496.3966942
2_1000_1-1.json,3,redis72,redis72,2,1000,1-1,redis72-redis-cluster-0,1218996816.3966942
2_1000_1-1.json,3,redis72,redis72,2,1000,1-1,redis72-redis-cluster-1,1074316347.2396693
2_1000_1-1.json,3,redis72,redis72,2,1000,1-1,redis72-redis-cluster-2,1068234430.4132231
2_1000_1-1.json,3,redis72,redis72,2,1000,1-1,redis72-redis-cluster-3,571707595.107438
2_1000_1-1.json,3,redis72,redis72,2,1000,1-1,redis72-redis-cluster-4,388645100.9586777
2_1000_1-1.json,3,redis72,redis72,2,1000,1-1,redis72-redis-cluster-5,575291053.4876033
2_1000_1-1.json,4,redis72,redis72,2,1000,1-1,redis72-redis-cluster-0,1239931912.4628098
2_1000_1-1.json,4,redis72,redis72,2,1000,1-1,redis72-redis-cluster-1,1182071951.8677685
2_1000_1-1.json,4,redis72,redis72,2,1000,1-1,redis72-redis-cluster-2,1118790782.9421487
2_1000_1-1.json,4,redis72,redis72,2,1000,1-1,redis72-redis-cluster-3,583263020.4297521
2_1000_1-1.json,4,redis72,redis72,2,1000,1-1,redis72-redis-cluster-4,448037777.9834711
2_1000_1-1.json,4,redis72,redis72,2,1000,1-1,redis72-redis-cluster-5,587197922.3801653
2_1000_1-1.json,5,redis72,redis72,2,1000,1-1,redis72-redis-cluster-0,1307710816.5245903
2_1000_1-1.json,5,redis72,redis72,2,1000,1-1,redis72-redis-cluster-1,1205842893.6393442
2_1000_1-1.json,5,redis72,redis72,2,1000,1-1,redis72-redis-cluster-2,1091715642.7540984
2_1000_1-1.json,5,redis72,redis72,2,1000,1-1,redis72-redis-cluster-3,580148945.8360655
2_1000_1-1.json,5,redis72,redis72,2,1000,1-1,redis72-redis-cluster-4,398074628.1967213
2_1000_1-1.json,5,redis72,redis72,2,1000,1-1,redis72-redis-cluster-5,551766016.0
2_10_0-1.json,1,redis72,redis72,2,10,0-1,redis72-redis-cluster-0,681319500.1652893
2_10_0-1.json,1,redis72,redis72,2,10,0-1,redis72-redis-cluster-1,680225428.0991735
2_10_0-1.json,1,redis72,redis72,2,10,0-1,redis72-redis-cluster-2,684882309.2892562
2_10_0-1.json,1,redis72,redis72,2,10,0-1,redis72-redis-cluster-3,674461949.8842975
2_10_0-1.json,1,redis72,redis72,2,10,0-1,redis72-redis-cluster-4,671655140.4958677
2_10_0-1.json,1,redis72,redis72,2,10,0-1,redis72-redis-cluster-5,679895649.322314
2_10_0-1.json,2,redis72,redis72,2,10,0-1,redis72-redis-cluster-0,681178679.0082644
2_10_0-1.json,2,redis72,redis72,2,10,0-1,redis72-redis-cluster-1,678486388.3636364
2_10_0-1.json,2,redis72,redis72,2,10,0-1,redis72-redis-cluster-2,681528328.4628099
2_10_0-1.json,2,redis72,redis72,2,10,0-1,redis72-redis-cluster-3,674315847.9338843
2_10_0-1.json,2,redis72,redis72,2,10,0-1,redis72-redis-cluster-4,671469940.3636364
2_10_0-1.json,2,redis72,redis72,2,10,0-1,redis72-redis-cluster-5,681304030.1487603
2_10_0-1.json,3,redis72,redis72,2,10,0-1,redis72-redis-cluster-0,682441127.1404959
2_10_0-1.json,3,redis72,redis72,2,10,0-1,redis72-redis-cluster-1,678225327.6033058
2_10_0-1.json,3,redis72,redis72,2,10,0-1,redis72-redis-cluster-2,681163649.0578512
2_10_0-1.json,3,redis72,redis72,2,10,0-1,redis72-redis-cluster-3,673300920.0661157
2_10_0-1.json,3,redis72,redis72,2,10,0-1,redis72-redis-cluster-4,671543296.0
2_10_0-1.json,3,redis72,redis72,2,10,0-1,redis72-redis-cluster-5,680217980.8264463
2_10_0-1.json,4,redis72,redis72,2,10,0-1,redis72-redis-cluster-0,680828352.5289257
2_10_0-1.json,4,redis72,redis72,2,10,0-1,redis72-redis-cluster-1,679173026.9090909
2_10_0-1.json,4,redis72,redis72,2,10,0-1,redis72-redis-cluster-2,683023503.8677686
2_10_0-1.json,4,redis72,redis72,2,10,0-1,redis72-redis-cluster-3,674751581.0909091
2_10_0-1.json,4,redis72,redis72,2,10,0-1,redis72-redis-cluster-4,671978149.0247934
2_10_0-1.json,4,redis72,redis72,2,10,0-1,redis72-redis-cluster-5,680764441.3884298
2_10_0-1.json,5,redis72,redis72,2,10,0-1,redis72-redis-cluster-0,682875743.2066115
2_10_0-1.json,5,redis72,redis72,2,10,0-1,redis72-redis-cluster-1,678407616.5289257
2_10_0-1.json,5,redis72,redis72,2,10,0-1,redis72-redis-cluster-2,681757061.2892562
2_10_0-1.json,5,redis72,redis72,2,10,0-1,redis72-redis-cluster-3,675075334.3471074
2_10_0-1.json,5,redis72,redis72,2,10,0-1,redis72-redis-cluster-4,671338292.892562
2_10_0-1.json,5,redis72,redis72,2,10,0-1,redis72-redis-cluster-5,680584826.7107438
2_10_1-0.json,1,redis72,redis72,2,10,1-0,redis72-redis-cluster-0,684231282.2479339
2_10_1-0.json,1,redis72,redis72,2,10,1-0,redis72-redis-cluster-1,686680487.1404959
2_10_1-0.json,1,redis72,redis72,2,10,1-0,redis72-redis-cluster-2,679209281.5867769
2_10_1-0.json,1,redis72,redis72,2,10,1-0,redis72-redis-cluster-3,653443038.1487603
2_10_1-0.json,1,redis72,redis72,2,10,1-0,redis72-redis-cluster-4,648772481.0578512
2_10_1-0.json,1,redis72,redis72,2,10,1-0,redis72-redis-cluster-5,673481008.661157
2_10_1-0.json,2,redis72,redis72,2,10,1-0,redis72-redis-cluster-0,699996346.1818181
2_10_1-0.json,2,redis72,redis72,2,10,1-0,redis72-redis-cluster-1,697560647.9338843
2_10_1-0.json,2,redis72,redis72,2,10,1-0,redis72-redis-cluster-2,708538571.107438
2_10_1-0.json,2,redis72,redis72,2,10,1-0,redis72-redis-cluster-3,652521675.107438
2_10_1-0.json,2,redis72,redis72,2,10,1-0,redis72-redis-cluster-4,671640279.8016529
2_10_1-0.json,2,redis72,redis72,2,10,1-0,redis72-redis-cluster-5,684730147.9669422
2_10_1-0.json,3,redis72,redis72,2,10,1-0,redis72-redis-cluster-0,704248061.8842975
2_10_1-0.json,3,redis72,redis72,2,10,1-0,redis72-redis-cluster-1,698325178.1818181
2_10_1-0.json,3,redis72,redis72,2,10,1-0,redis72-redis-cluster-2,702148980.3636364
2_10_1-0.json,3,redis72,redis72,2,10,1-0,redis72-redis-cluster-3,673644070.0826446
2_10_1-0.json,3,redis72,redis72,2,10,1-0,redis72-redis-cluster-4,672010409.2561984
2_10_1-0.json,3,redis72,redis72,2,10,1-0,redis72-redis-cluster-5,680291844.2314049
2_10_1-0.json,4,redis72,redis72,2,10,1-0,redis72-redis-cluster-0,697210829.2231405
2_10_1-0.json,4,redis72,redis72,2,10,1-0,redis72-redis-cluster-1,700738568.4628099
2_10_1-0.json,4,redis72,redis72,2,10,1-0,redis72-redis-cluster-2,705457702.0826446
2_10_1-0.json,4,redis72,redis72,2,10,1-0,redis72-redis-cluster-3,673729612.1652893
2_10_1-0.json,4,redis72,redis72,2,10,1-0,redis72-redis-cluster-4,671878795.6363636
2_10_1-0.json,4,redis72,redis72,2,10,1-0,redis72-redis-cluster-5,681303556.2314049
2_10_1-0.json,5,redis72,redis72,2,10,1-0,redis72-redis-cluster-0,699134053.553719
2_10_1-0.json,5,redis72,redis72,2,10,1-0,redis72-redis-cluster-1,701214415.338843
2_10_1-0.json,5,redis72,redis72,2,10,1-0,redis72-redis-cluster-2,704063471.0743802
2_10_1-0.json,5,redis72,redis72,2,10,1-0,redis72-redis-cluster-3,673859567.0743802
2_10_1-0.json,5,redis72,redis72,2,10,1-0,redis72-redis-cluster-4,671402779.5041323
2_10_1-0.json,5,redis72,redis72,2,10,1-0,redis72-redis-cluster-5,681164427.6363636
2_10_1-1.json,1,redis72,redis72,2,10,1-1,redis72-redis-cluster-0,695187202.1157025
2_10_1-1.json,1,redis72,redis72,2,10,1-1,redis72-redis-cluster-1,690028611.7024794
2_10_1-1.json,1,redis72,redis72,2,10,1-1,redis72-redis-cluster-2,693408522.5785124
2_10_1-1.json,1,redis72,redis72,2,10,1-1,redis72-redis-cluster-3,674510018.644628
2_10_1-1.json,1,redis72,redis72,2,10,1-1,redis72-redis-cluster-4,672293067.107438
2_10_1-1.json,1,redis72,redis72,2,10,1-1,redis72-redis-cluster-5,681413640.4628099
2_10_1-1.json,2,redis72,redis72,2,10,1-1,redis72-redis-cluster-0,693258967.8016529
2_10_1-1.json,2,redis72,redis72,2,10,1-1,redis72-redis-cluster-1,690983352.0661157
2_10_1-1.json,2,redis72,redis72,2,10,1-1,redis72-redis-cluster-2,696212691.5702479
2_10_1-1.json,2,redis72,redis72,2,10,1-1,redis72-redis-cluster-3,673776631.5371901
2_10_1-1.json,2,redis72,redis72,2,10,1-1,redis72-redis-cluster-4,672142124.4297521
2_10_1-1.json,2,redis72,redis72,2,10,1-1,redis72-redis-cluster-5,641243423.7355372
2_10_1-1.json,3,redis72,redis72,2,10,1-1,redis72-redis-cluster-0,693466306.644628
2_10_1-1.json,3,redis72,redis72,2,10,1-1,redis72-redis-cluster-1,691797135.8677686
2_10_1-1.json,3,redis72,redis72,2,10,1-1,redis72-redis-cluster-2,696007891.5702479
2_10_1-1.json,3,redis72,redis72,2,10,1-1,redis72-redis-cluster-3,673677210.446281
2_10_1-1.json,3,redis72,redis72,2,10,1-1,redis72-redis-cluster-4,672140804.2314049
2_10_1-1.json,3,redis72,redis72,2,10,1-1,redis72-redis-cluster-5,683518713.6528926
2_10_1-1.json,4,redis72,redis72,2,10,1-1,redis72-redis-cluster-0,694493556.3636364
2_10_1-1.json,4,redis72,redis72,2,10,1-1,redis72-redis-cluster-1,690064527.8677686
2_10_1-1.json,4,redis72,redis72,2,10,1-1,redis72-redis-cluster-2,700569007.6033058
2_10_1-1.json,4,redis72,redis72,2,10,1-1,redis72-redis-cluster-3,674719930.1818181
2_10_1-1.json,4,redis72,redis72,2,10,1-1,redis72-redis-cluster-4,672151061.1570247
2_10_1-1.json,4,redis72,redis72,2,10,1-1,redis72-redis-cluster-5,681376878.016529
2_10_1-1.json,5,redis72,redis72,2,10,1-1,redis72-redis-cluster-0,692724964.4958677
2_10_1-1.json,5,redis72,redis72,2,10,1-1,redis72-redis-cluster-1,692584989.6198347
2_10_1-1.json,5,redis72,redis72,2,10,1-1,redis72-redis-cluster-2,695739959.0082644
2_10_1-1.json,5,redis72,redis72,2,10,1-1,redis72-redis-cluster-3,674441503.7355372
2_10_1-1.json,5,redis72,redis72,2,10,1-1,redis72-redis-cluster-4,671742679.8016529
2_10_1-1.json,5,redis72,redis72,2,10,1-1,redis72-redis-cluster-5,680737055.7355372
2_1_0-1.json,1,redis72,redis72,2,1,0-1,redis72-redis-cluster-0,492606726.3471074
2_1_0-1.json,1,redis72,redis72,2,1,0-1,redis72-redis-cluster-1,491448066.11570245
2_1_0-1.json,1,redis72,redis72,2,1,0-1,redis72-redis-cluster-2,493186699.6363636
2_1_0-1.json,1,redis72,redis72,2,1,0-1,redis72-redis-cluster-3,490559504.92561984
2_1_0-1.json,1,redis72,redis72,2,1,0-1,redis72-redis-cluster-4,488783059.57024795
2_1_0-1.json,1,redis72,redis72,2,1,0-1,redis72-redis-cluster-5,497899706.1818182
2_1_0-1.json,2,redis72,redis72,2,1,0-1,redis72-redis-cluster-0,493335272.72727275
2_1_0-1.json,2,redis72,redis72,2,1,0-1,redis72-redis-cluster-1,491127020.9586777
2_1_0-1.json,2,redis72,redis72,2,1,0-1,redis72-redis-cluster-2,491759023.60330576
2_1_0-1.json,2,redis72,redis72,2,1,0-1,redis72-redis-cluster-3,490416991.2066116
2_1_0-1.json,2,redis72,redis72,2,1,0-1,redis72-redis-cluster-4,487808313.12396693
2_1_0-1.json,2,redis72,redis72,2,1,0-1,redis72-redis-cluster-5,497001260.42975205
2_1_0-1.json,3,redis72,redis72,2,1,0-1,redis72-redis-cluster-0,492693114.7107438
2_1_0-1.json,3,redis72,redis72,2,1,0-1,redis72-redis-cluster-1,491097807.338843
2_1_0-1.json,3,redis72,redis72,2,1,0-1,redis72-redis-cluster-2,492107792.92561984
2_1_0-1.json,3,redis72,redis72,2,1,0-1,redis72-redis-cluster-3,455905652.3636364
2_1_0-1.json,3,redis72,redis72,2,1,0-1,redis72-redis-cluster-4,488407886.28099173
2_1_0-1.json,3,redis72,redis72,2,1,0-1,redis72-redis-cluster-5,497471183.338843
2_1_0-1.json,4,redis72,redis72,2,1,0-1,redis72-redis-cluster-0,494050887.9338843
2_1_0-1.json,4,redis72,redis72,2,1,0-1,redis72-redis-cluster-1,455003347.57024795
2_1_0-1.json,4,redis72,redis72,2,1,0-1,redis72-redis-cluster-2,492842432.5289256
2_1_0-1.json,4,redis72,redis72,2,1,0-1,redis72-redis-cluster-3,492407681.05785125
2_1_0-1.json,4,redis72,redis72,2,1,0-1,redis72-redis-cluster-4,488363473.45454544
2_1_0-1.json,4,redis72,redis72,2,1,0-1,redis72-redis-cluster-5,497649884.03305787
2_1_0-1.json,5,redis72,redis72,2,1,0-1,redis72-redis-cluster-0,493184600.8595041
2_1_0-1.json,5,redis72,redis72,2,1,0-1,redis72-redis-cluster-1,489279014.08264464
2_1_0-1.json,5,redis72,redis72,2,1,0-1,redis72-redis-cluster-2,492535808.0
2_1_0-1.json,5,redis72,redis72,2,1,0-1,redis72-redis-cluster-3,492425317.553719
2_1_0-1.json,5,redis72,redis72,2,1,0-1,redis72-redis-cluster-4,488774156.6942149
2_1_0-1.json,5,redis72,redis72,2,1,0-1,redis72-redis-cluster-5,498162087.1404959
2_1_1-0.json,1,redis72,redis72,2,1,1-0,redis72-redis-cluster-0,479736823.5371901
2_1_1-0.json,1,redis72,redis72,2,1,1-0,redis72-redis-cluster-1,485472611.43801653
2_1_1-0.json,1,redis72,redis72,2,1,1-0,redis72-redis-cluster-2,486081730.6446281
2_1_1-0.json,1,redis72,redis72,2,1,1-0,redis72-redis-cluster-3,487629003.107438
2_1_1-0.json,1,redis72,redis72,2,1,1-0,redis72-redis-cluster-4,493071402.3140496
2_1_1-0.json,1,redis72,redis72,2,1,1-0,redis72-redis-cluster-5,504619854.28099173
2_1_1-0.json,2,redis72,redis72,2,1,1-0,redis72-redis-cluster-0,490723412.6280992
2_1_1-0.json,2,redis72,redis72,2,1,1-0,redis72-redis-cluster-1,489368956.8264463
2_1_1-0.json,2,redis72,redis72,2,1,1-0,redis72-redis-cluster-2,504416780.6942149
2_1_1-0.json,2,redis72,redis72,2,1,1-0,redis72-redis-cluster-3,448308587.90082645
2_1_1-0.json,2,redis72,redis72,2,1,1-0,redis72-redis-cluster-4,484622539.107438
2_1_1-0.json,2,redis72,redis72,2,1,1-0,redis72-redis-cluster-5,495487094.4793388
2_1_1-0.json,3,redis72,redis72,2,1,1-0,redis72-redis-cluster-0,492762103.5371901
2_1_1-0.json,3,redis72,redis72,2,1,1-0,redis72-redis-cluster-1,497667385.12396693
2_1_1-0.json,3,redis72,redis72,2,1,1-0,redis72-redis-cluster-2,493259039.7355372
2_1_1-0.json,3,redis72,redis72,2,1,1-0,redis72-redis-cluster-3,490617864.4628099
2_1_1-0.json,3,redis72,redis72,2,1,1-0,redis72-redis-cluster-4,485098453.6859504
2_1_1-0.json,3,redis72,redis72,2,1,1-0,redis72-redis-cluster-5,496385709.4876033
2_1_1-0.json,4,redis72,redis72,2,1,1-0,redis72-redis-cluster-0,493429040.661157
2_1_1-0.json,4,redis72,redis72,2,1,1-0,redis72-redis-cluster-1,491721719.5371901
2_1_1-0.json,4,redis72,redis72,2,1,1-0,redis72-redis-cluster-2,493069743.60330576
2_1_1-0.json,4,redis72,redis72,2,1,1-0,redis72-redis-cluster-3,490550805.1570248
2_1_1-0.json,4,redis72,redis72,2,1,1-0,redis72-redis-cluster-4,487692034.11570245
2_1_1-0.json,4,redis72,redis72,2,1,1-0,redis72-redis-cluster-5,497860371.0413223
2_1_1-0.json,5,redis72,redis72,2,1,1-0,redis72-redis-cluster-0,443718258.24793386
2_1_1-0.json,5,redis72,redis72,2,1,1-0,redis72-redis-cluster-1,491332565.6859504
2_1_1-0.json,5,redis72,redis72,2,1,1-0,redis72-redis-cluster-2,492323188.3636364
2_1_1-0.json,5,redis72,redis72,2,1,1-0,redis72-redis-cluster-3,491887048.9917355
2_1_1-0.json,5,redis72,redis72,2,1,1-0,redis72-redis-cluster-4,487187718.3471074
2_1_1-0.json,5,redis72,redis72,2,1,1-0,redis72-redis-cluster-5,498114187.6363636
2_1_1-1.json,1,redis72,redis72,2,1,1-1,redis72-redis-cluster-0,494072479.47540987
2_1_1-1.json,1,redis72,redis72,2,1,1-1,redis72-redis-cluster-1,487597307.8032787
2_1_1-1.json,1,redis72,redis72,2,1,1-1,redis72-redis-cluster-2,494059520.0
2_1_1-1.json,1,redis72,redis72,2,1,1-1,redis72-redis-cluster-3,492790700.06557375
2_1_1-1.json,1,redis72,redis72,2,1,1-1,redis72-redis-cluster-4,489071196.3278689
2_1_1-1.json,1,redis72,redis72,2,1,1-1,redis72-redis-cluster-5,497173587.93442625
2_1_1-1.json,2,redis72,redis72,2,1,1-1,redis72-redis-cluster-0,494886607.338843
2_1_1-1.json,2,redis72,redis72,2,1,1-1,redis72-redis-cluster-1,491575143.6694215
2_1_1-1.json,2,redis72,redis72,2,1,1-1,redis72-redis-cluster-2,494332767.2066116
2_1_1-1.json,2,redis72,redis72,2,1,1-1,redis72-redis-cluster-3,491643387.76859504
2_1_1-1.json,2,redis72,redis72,2,1,1-1,redis72-redis-cluster-4,494293465.91735536
2_1_1-1.json,2,redis72,redis72,2,1,1-1,redis72-redis-cluster-5,467098598.61157024
2_1_1-1.json,3,redis72,redis72,2,1,1-1,redis72-redis-cluster-0,495037008.39669424
2_1_1-1.json,3,redis72,redis72,2,1,1-1,redis72-redis-cluster-1,492206096.92561984
2_1_1-1.json,3,redis72,redis72,2,1,1-1,redis72-redis-cluster-2,493881157.8181818
2_1_1-1.json,3,redis72,redis72,2,1,1-1,redis72-redis-cluster-3,492082709.1570248
2_1_1-1.json,3,redis72,redis72,2,1,1-1,redis72-redis-cluster-4,489518274.6446281
2_1_1-1.json,3,redis72,redis72,2,1,1-1,redis72-redis-cluster-5,499250404.4958678
2_1_1-1.json,4,redis72,redis72,2,1,1-1,redis72-redis-cluster-0,498509773.2231405
2_1_1-1.json,4,redis72,redis72,2,1,1-1,redis72-redis-cluster-1,491298105.12396693
2_1_1-1.json,4,redis72,redis72,2,1,1-1,redis72-redis-cluster-2,494192724.6280992
2_1_1-1.json,4,redis72,redis72,2,1,1-1,redis72-redis-cluster-3,492901062.87603307
2_1_1-1.json,4,redis72,redis72,2,1,1-1,redis72-redis-cluster-4,488256537.38842976
2_1_1-1.json,4,redis72,redis72,2,1,1-1,redis72-redis-cluster-5,498450736.661157
2_1_1-1.json,5,redis72,redis72,2,1,1-1,redis72-redis-cluster-0,494476127.2066116
2_1_1-1.json,5,redis72,redis72,2,1,1-1,redis72-redis-cluster-1,495175764.6280992
2_1_1-1.json,5,redis72,redis72,2,1,1-1,redis72-redis-cluster-2,494263947.6363636
2_1_1-1.json,5,redis72,redis72,2,1,1-1,redis72-redis-cluster-3,491743925.9504132
2_1_1-1.json,5,redis72,redis72,2,1,1-1,redis72-redis-cluster-4,488833870.28099173
2_1_1-1.json,5,redis72,redis72,2,1,1-1,redis72-redis-cluster-5,499481236.09917355
